"route_id","agency_id","route_short_name","route_long_name","route_type","route_color","route_text_color","route_desc"
"72468",2630,"511","",3,"","",""
"68292",2630,"ID-3","",3,"","",""
"67777",134,"533","",3,"","",""
"66903",134,"522","",3,"","",""
"61767",134,"452","",3,"","",""
"55324",134,"7085","",3,"","",""
"55323",134,"7018","",3,"","",""
"55322",134,"7000","",3,"","",""
"53674",134,"71","",3,"","",""
"53673",134,"6","",3,"","",""
"53672",134,"5","",3,"","",""
"53671",134,"4","",3,"","",""
"53670",134,"3","",3,"","",""
"53669",134,"2","",3,"","",""
"53668",134,"1","",3,"","",""
"53654",134,"7089","",3,"","",""
"53653",134,"7088","",3,"","",""
"53652",134,"7087","",3,"","",""
"53651",134,"7086","",3,"","",""
"53650",134,"7083","",3,"","",""
"53649",134,"7082","",3,"","",""
"53648",134,"7081","",3,"","",""
"53647",134,"7080","",3,"","",""
"53646",134,"7078","",3,"","",""
"53645",134,"7077","",3,"","",""
"53644",134,"7076","",3,"","",""
"53643",134,"7075","",3,"","",""
"53642",134,"7071","",3,"","",""
"53641",134,"7070","",3,"","",""
"53640",134,"7065","",3,"","",""
"53639",134,"7064","",3,"","",""
"53638",134,"7062","",3,"","",""
"53637",134,"7061","",3,"","",""
"53636",134,"7060","",3,"","",""
"53635",134,"7059","",3,"","",""
"53634",134,"7056","",3,"","",""
"53633",134,"7055","",3,"","",""
"53632",134,"7050","",3,"","",""
"53631",134,"7046","",3,"","",""
"53630",134,"7045","",3,"","",""
"53629",134,"7041","",3,"","",""
"53628",134,"7040","",3,"","",""
"53627",134,"7037","",3,"","",""
"53626",134,"7036","",3,"","",""
"53625",134,"7030","",3,"","",""
"53624",134,"7027","",3,"","",""
"53623",134,"7026","",3,"","",""
"53622",134,"7020","",3,"","",""
"53621",134,"7019","",3,"","",""
"53620",134,"7017","",3,"","",""
"53619",134,"7016","",3,"","",""
"53618",134,"7010","",3,"","",""
"51001",134,"526","",3,"","",""
"51000",134,"660","",3,"","",""
"50999",134,"658","",3,"","",""
"50998",134,"656","",3,"","",""
"46539",2630,"401","",3,"","",""
"44375",2630,"GTI","",3,"","",""
"44374",2630,"Touran","",3,"","",""
"44373",2630,"Tiguan","",3,"","",""
"44372",2630,"Golf","",3,"","",""
"35270",134,"543","",3,"","",""
"35269",134,"542","",3,"","",""
"35268",134,"540","",3,"","",""
"35267",134,"530","",3,"","",""
"35266",134,"525","",3,"","",""
"35265",134,"524","",3,"","",""
"35264",134,"521","",3,"","",""
"35263",134,"520","",3,"","",""
"35260",134,"509","",3,"","",""
"35259",134,"502","",3,"","",""
"35258",134,"501","",3,"","",""
"35257",134,"472","",3,"","",""
"35256",134,"471","",3,"","",""
"35255",134,"470","",3,"","",""
"35248",134,"457","",3,"","",""
"35247",134,"454","",3,"","",""
"35246",134,"453","",3,"","",""
"35245",134,"451","",3,"","",""
"35244",134,"450","",3,"","",""
"35222",134,"225","",3,"","",""
"35221",134,"223","",3,"","",""
"35220",134,"222","",3,"","",""
"35219",134,"221","",3,"","",""
"35218",134,"220","",3,"","",""
"35212",134,"186","",3,"","",""
"35211",134,"185","",3,"","",""
"35210",134,"184","",3,"","",""
"35209",134,"182","",3,"","",""
"35208",134,"181","",3,"","",""
"35207",134,"180","",3,"","",""
"35206",134,"173","",3,"","",""
"35205",134,"172","",3,"","",""
"35204",134,"171","",3,"","",""
"35203",134,"170","",3,"","",""
"35202",134,"163","",3,"","",""
"35201",134,"162","",3,"","",""
"35200",134,"161","",3,"","",""
"35197",134,"155","",3,"","",""
"35196",134,"154","",3,"","",""
"35195",134,"150","",3,"","",""
"35194",134,"141","",3,"","",""
"35193",134,"140","",3,"","",""
"35192",134,"134","",3,"","",""
"35191",134,"131","",3,"","",""
"35190",134,"130","",3,"","",""
"35183",134,"531","",3,"","",""
"35182",134,"528","",3,"","",""
"35181",134,"523","",3,"","",""
"35178",2630,"506","",3,"","",""
"35177",2630,"502","",3,"","",""
"35176",2630,"652","",3,"","",""
"35175",2630,"651","",3,"","",""
"35174",2630,"650","",3,"","",""
"35173",2630,"602","",3,"","",""
"35172",2630,"600","",3,"","",""
"35170",2630,"554","",3,"","",""
"35169",2630,"553","",3,"","",""
"35168",2630,"520","",3,"","",""
"35166",2630,"450","",3,"","",""
"13586",134,"105","",3,"","",""
"12115",134,"104","",3,"","",""
"12114",134,"103","",3,"","",""
"12113",134,"102","",3,"","",""
"12112",134,"101","",3,"","",""
"72596",152,"655","",3,"","",""
"72595",152,"652","",3,"","",""
"72594",152,"651","",3,"","",""
"72331",2403,"760","",3,"","",""
"72330",2403,"748","",3,"","",""
"72329",2403,"745","",3,"","",""
"72328",2403,"739","",3,"","",""
"72327",2403,"730","",3,"","",""
"72326",2403,"723","",3,"","",""
"72325",2403,"722","",3,"","",""
"72324",2403,"704","",3,"","",""
"72323",2403,"N74","",3,"","",""
"72322",2403,"N73","",3,"","",""
"72317",2400,"245","",3,"","",""
"72300",2403,"740","",3,"","",""
"70556",2402,"690","",3,"","",""
"70555",2402,"688","",3,"","",""
"70554",2402,"686","",3,"","",""
"70553",2402,"685","",3,"","",""
"70552",2402,"680","",3,"","",""
"70551",2402,"673","",3,"","",""
"70550",2402,"671","",3,"","",""
"70549",2402,"663","",3,"","",""
"70548",2402,"662","",3,"","",""
"70547",2402,"651","",3,"","",""
"70546",2402,"642","",3,"","",""
"70545",2402,"641","",3,"","",""
"70544",2402,"640","",3,"","",""
"70543",2402,"632","",3,"","",""
"70542",2402,"630","",3,"","",""
"70541",2402,"624","",3,"","",""
"70540",2402,"622","",3,"","",""
"70539",2402,"621","",3,"","",""
"70538",2402,"620","",3,"","",""
"70537",2402,"613","",3,"","",""
"70536",2402,"612","",3,"","",""
"70535",2402,"611","",3,"","",""
"69852",2400,"641","",3,"","",""
"69616",2400,"670","",3,"","",""
"69582",2400,"441","",3,"","",""
"67403",2402,"X491","",3,"","",""
"67402",2402,"383","",3,"","",""
"66103",2400,"N62","",3,"","",""
"66102",2400,"N61","",3,"","",""
"65587",2401,"347","",3,"","",""
"65586",2401,"344","",3,"","",""
"65585",2401,"343","",3,"","",""
"65584",2401,"342","",3,"","",""
"65583",2401,"341","",3,"","",""
"65582",2401,"340","",3,"","",""
"65581",2401,"338","",3,"","",""
"65580",2401,"337","",3,"","",""
"65579",2401,"336","",3,"","",""
"65578",2401,"335","",3,"","",""
"65577",2401,"334","",3,"","",""
"65576",2401,"333","",3,"","",""
"65575",2401,"332","",3,"","",""
"65574",2401,"331","",3,"","",""
"65573",2401,"N31","",3,"","",""
"65253",2401,"370","",3,"","",""
"65252",2401,"349","",3,"","",""
"65250",2401,"348","",3,"","",""
"65249",2401,"346","",3,"","",""
"65248",2401,"345","",3,"","",""
"65227",2401,"389","",3,"","",""
"63512",2400,"N39","",3,"","",""
"62338",2402,"200","",3,"","",""
"62046",152,"441","",3,"","",""
"61873",2400,"242","",3,"","",""
"61872",2400,"241","",3,"","",""
"61269",2402,"N61","",3,"","",""
"61268",2402,"N18","",3,"","",""
"61267",2402,"N6","",3,"","",""
"59885",2402,"74","",3,"","",""
"59736",2402,"M3","",3,"","",""
"59734",2402,"19","",3,"","",""
"59732",2402,"13","",3,"","",""
"59731",2402,"12","",3,"","",""
"59730",2402,"650","",3,"","",""
"59729",2402,"X610","",3,"","",""
"59717",2402,"X493","",3,"","",""
"59716",2402,"X492","",3,"","",""
"59715",2402,"475","",3,"84ba6d","",""
"59714",2402,"469","",3,"f193bd","",""
"59713",2402,"468","",3,"f193bd","",""
"59712",2402,"467","",3,"004f9f","",""
"59711",2402,"466","",3,"e88300","",""
"59710",2402,"465","",3,"e88300","",""
"59709",2402,"464","",3,"00913e","",""
"59708",2402,"463","",3,"00913e","",""
"59707",2402,"462","",3,"9d9d9c","",""
"59703",2402,"431","",3,"","",""
"59702",2402,"430","",3,"fbba00","",""
"59701",2402,"414","",3,"00918e","",""
"59700",2402,"413","",3,"d4a01c","",""
"59699",2402,"411","",3,"e50051","",""
"59698",2402,"410","",3,"0080c9","",""
"59697",2402,"393","",3,"","",""
"59696",2402,"392","",3,"","",""
"59695",2402,"382","",3,"","",""
"59694",2402,"381","",3,"","",""
"59693",2402,"373","",3,"1d1d1b","",""
"59692",2402,"322","",3,"009640","",""
"59691",2402,"321","",3,"9c1006","",""
"59690",2402,"318","",3,"a37a70","",""
"59689",2402,"317","",3,"817d39","",""
"59688",2402,"316","",3,"a85c92","",""
"59687",2402,"315","",3,"a90f09","",""
"59686",2402,"314","",3,"63a148","",""
"59685",2402,"312","",3,"b07f00","",""
"59684",2402,"309","",3,"e30613","",""
"59683",2402,"307","",3,"00663a","",""
"59682",2402,"306","",3,"004f9f","",""
"59681",2402,"305","",3,"ef7d00","",""
"59680",2402,"304","",3,"afc538","",""
"59678",2402,"195","",3,"","",""
"59676",2402,"60","",3,"","",""
"59675",2402,"154","",3,"","",""
"59674",2402,"151","",3,"","",""
"59673",2402,"143","",3,"","",""
"59672",2402,"141","",3,"","",""
"59671",2402,"133","",3,"","",""
"59670",2402,"132","",3,"","",""
"59669",2402,"131","",3,"","",""
"59668",2402,"111","",3,"","",""
"59667",2402,"101","",3,"","",""
"59666",2400,"656","",3,"","",""
"59665",2400,"313","",3,"","",""
"59664",2400,"312","",3,"","",""
"59662",2400,"225","",3,"","",""
"59661",2400,"224","",3,"","",""
"59660",2400,"223","",3,"","",""
"59659",2400,"222","",3,"","",""
"59658",2400,"220","",3,"","",""
"59657",2400,"219","",3,"","",""
"59656",2400,"218","",3,"","",""
"59655",2400,"217","",3,"","",""
"59654",2400,"216","",3,"","",""
"59653",2400,"215","",3,"","",""
"59652",2400,"214","",3,"","",""
"59651",2400,"212","",3,"","",""
"59650",2400,"211","",3,"","",""
"59649",2400,"121","",3,"","",""
"59648",2400,"639","",3,"","",""
"59647",2400,"638","",3,"","",""
"59646",2400,"637","",3,"","",""
"59645",2400,"636","",3,"","",""
"59644",2400,"635","",3,"","",""
"59643",2400,"632","",3,"","",""
"59642",2400,"631","",3,"","",""
"59641",2400,"630","",3,"","",""
"59640",2400,"629","",3,"","",""
"59639",2400,"628","",3,"","",""
"59638",2400,"627","",3,"","",""
"59637",2400,"626","",3,"","",""
"59636",2400,"625","",3,"","",""
"59635",2400,"624","",3,"","",""
"59634",2400,"623","",3,"","",""
"59633",2400,"622","",3,"","",""
"59632",2400,"621","",3,"","",""
"59631",2400,"620","",3,"","",""
"59630",2400,"619","",3,"","",""
"59628",2400,"433","",3,"","",""
"59627",2400,"432","",3,"","",""
"59626",2400,"431","",3,"","",""
"59625",2400,"428","",3,"","",""
"59624",2400,"427","",3,"","",""
"59623",2400,"426","",3,"","",""
"59622",2400,"424","",3,"","",""
"59621",2400,"423","",3,"","",""
"59620",2400,"422","",3,"","",""
"59619",2400,"421","",3,"","",""
"59618",2400,"420","",3,"","",""
"59617",2400,"419","",3,"","",""
"59616",2400,"418","",3,"","",""
"59615",2400,"417","",3,"","",""
"59614",2400,"416","",3,"","",""
"59613",2400,"415","",3,"","",""
"59610",2400,"412","",3,"","",""
"59609",2400,"411","",3,"","",""
"59608",2400,"410","",3,"","",""
"59607",2400,"396","",3,"","",""
"59606",2401,"889","",3,"","",""
"59605",2401,"888","",3,"","",""
"59604",2401,"887","",3,"","",""
"59603",2401,"886","",3,"","",""
"59602",2401,"885","",3,"","",""
"59601",2401,"884","",3,"","",""
"59600",2401,"883","",3,"","",""
"59598",2401,"881","",3,"","",""
"59597",2401,"880","",3,"","",""
"59596",2401,"879","",3,"","",""
"59595",2401,"878","",3,"","",""
"59594",2401,"877","",3,"","",""
"59593",2401,"876","",3,"","",""
"59592",2401,"875","",3,"","",""
"59591",2401,"874","",3,"","",""
"59590",2401,"873","",3,"","",""
"59589",2401,"872","",3,"","",""
"59588",2401,"871","",3,"","",""
"59587",2401,"869","",3,"","",""
"59586",2401,"859","",3,"","",""
"59584",2401,"857","",3,"","",""
"59583",2401,"856","",3,"","",""
"59582",2401,"855","",3,"","",""
"59581",2401,"854","",3,"","",""
"59579",2401,"852","",3,"","",""
"59578",2401,"851","",3,"","",""
"59577",2401,"806","",3,"","",""
"59576",2401,"805","",3,"","",""
"59575",2401,"803","",3,"","",""
"59574",2401,"802","",3,"","",""
"59573",2401,"801","",3,"","",""
"59553",2401,"686","",3,"","",""
"59552",2401,"685","",3,"","",""
"59551",2401,"683","",3,"","",""
"59550",2401,"682","",3,"","",""
"59549",2401,"681","",3,"","",""
"59548",2401,"680","",3,"","",""
"59547",2401,"677","",3,"","",""
"59546",2401,"666","",3,"","",""
"59545",2401,"663","",3,"","",""
"59544",2401,"662","",3,"","",""
"59543",2401,"661","",3,"","",""
"59542",2401,"660","",3,"","",""
"59541",2401,"659","",3,"","",""
"59540",2401,"658","",3,"","",""
"59539",2401,"657","",3,"","",""
"59538",2401,"656","",3,"","",""
"59537",2401,"654","",3,"","",""
"59536",2401,"650","",3,"","",""
"59535",2401,"645","",3,"","",""
"59534",2401,"644","",3,"","",""
"59533",2401,"643","",3,"","",""
"59532",2401,"642","",3,"","",""
"59531",2401,"641","",3,"","",""
"59529",2401,"N87","",3,"","",""
"59524",2401,"N68","",3,"","",""
"59523",2401,"N62","",3,"","",""
"58313",2403,"931","",3,"","",""
"58312",2403,"291","",3,"","",""
"51756",2403,"288","",3,"","",""
"50174",403,"8","",3,"","",""
"50173",556,"6","",3,"","",""
"50172",556,"5","",3,"","",""
"48783",615,"N66","",3,"","",""
"47489",2403,"284","",3,"","",""
"46837",2403,"282","",3,"","",""
"37818",2403,"269","",3,"","",""
"37535",2403,"289","",3,"","",""
"37534",2403,"287","",3,"","",""
"37533",2403,"286","",3,"","",""
"37532",2403,"285","",3,"","",""
"37531",2403,"280","",3,"","",""
"37529",2403,"278","",3,"","",""
"37528",2403,"277","",3,"","",""
"37526",2403,"275","",3,"","",""
"37522",2403,"270","",3,"","",""
"37521",2403,"268","",3,"","",""
"37520",2403,"267","",3,"","",""
"37519",2403,"266","",3,"","",""
"37516",2403,"262","",3,"","",""
"37515",2403,"261","",3,"","",""
"37514",2403,"260","",3,"","",""
"25734",556,"4","",3,"","",""
"25733",556,"3","",3,"","",""
"25732",556,"2","",3,"","",""
"25731",556,"1","",3,"","",""
"20387",403,"7","",3,"","",""
"19569",403,"5","",3,"","",""
"19568",403,"3","",3,"","",""
"19567",403,"2","",3,"","",""
"19566",403,"1","",3,"","",""
"19123",411,"673","",3,"","",""
"19122",411,"672","",3,"","",""
"19121",411,"671","",3,"","",""
"18719",396,"670","",3,"","",""
"18718",403,"4","",3,"","",""
"18673",386,"641","",3,"","",""
"18672",386,"606","",3,"","",""
"18671",386,"602","",3,"","",""
"18663",386,"607","",3,"","",""
"18662",386,"603","",3,"","",""
"18661",386,"601","",3,"","",""
"18646",386,"604","",3,"","",""
"18631",386,"600","",3,"","",""
"18546",396,"669","",3,"","",""
"18466",386,"605","",3,"","",""
"18082",615,"672","",3,"","",""
"13052",152,"447","",3,"","",""
"13051",152,"446","",3,"","",""
"13050",152,"445","",3,"","",""
"12527",615,"690","",3,"","",""
"12526",615,"688","",3,"","",""
"12525",615,"686","",3,"","",""
"12524",615,"685","",3,"","",""
"12523",615,"680","",3,"","",""
"12521",615,"676","",3,"","",""
"12519",615,"674","",3,"","",""
"12518",615,"673","",3,"","",""
"12516",615,"671","",3,"","",""
"12515",615,"670","",3,"","",""
"12514",615,"663","",3,"","",""
"12513",615,"662","",3,"","",""
"12511",615,"651","",3,"","",""
"12510",615,"650","",3,"","",""
"12508",615,"642","",3,"","",""
"12507",615,"641","",3,"","",""
"12506",615,"640","",3,"","",""
"12505",615,"632","",3,"","",""
"12503",615,"630","",3,"","",""
"12502",615,"624","",3,"","",""
"12501",615,"622","",3,"","",""
"12500",615,"621","",3,"","",""
"12499",615,"620","",3,"","",""
"12498",615,"613","",3,"","",""
"12497",615,"612","",3,"","",""
"12496",615,"611","",3,"","",""
"12495",615,"X610","",3,"","",""
"68442",138,"111","",3,"","",""
"66808",66,"S8","",3,"","",""
"66807",66,"S7","",3,"","",""
"66806",66,"S6","",3,"","",""
"66805",66,"S5","",3,"","",""
"66804",66,"S4","",3,"","",""
"66803",66,"S3","",3,"","",""
"66802",66,"S2","",3,"","",""
"66801",66,"S1","",3,"","",""
"43767",66,"5","",3,"","",""
"35662",66,"6","",3,"00ccff","",""
"35661",66,"3","",3,"00cc00","ffffff",""
"35660",66,"2","",3,"ffcc00","",""
"35659",66,"1","",3,"ff0000","",""
"33797",66,"8","",3,"","",""
"14111",66,"4","",3,"ff6600","ffffff",""
"72707",969,"349","",2,"","",""
"72623",1060,"EV29A","",2,"","",""
"72522",2506,"LEER","",1,"","",""
"72436",1060,"EV26A","",1,"","",""
"72265",1060,"EV6AA","",1,"","",""
"71437",1060,"EV28A","",1,"","",""
"71354",607,"EV","",2,"","",""
"71351",607,"EV","",2,"","",""
"71350",810,"EV","",2,"","",""
"71348",2506,"EV","",1,"","",""
"71342",1917,"EV","",2,"","",""
"71338",795,"EV","",2,"","",""
"71333",606,"EV","",2,"","",""
"71318",605,"EV","",2,"","",""
"71302",1655,"EV","",2,"","",""
"70661",1689,"RE86","",2,"","",""
"68624",607,"RB76","",2,"","",""
"68579",607,"RB84","",2,"","",""
"68486",607,"RE83","",2,"","",""
"68279",605,"RS30","",1,"","",""
"68278",605,"RS6","",1,"","",""
"68272",1689,"RE80","",2,"","",""
"68261",1689,"RE8","",2,"","",""
"68247",1689,"RB86","",2,"","",""
"68246",1689,"RB85","",2,"","",""
"68245",1689,"RB81","",2,"","",""
"68197",1322,"43","",2,"","",""
"68191",1322,"20","",2,"","",""
"68179",1689,"8X","",2,"","",""
"66134",2156,"RE82","",2,"","",""
"66133",2156,"RE78","",2,"","",""
"66130",2156,"RE3","",2,"","",""
"66129",2155,"RB89","",2,"","",""
"66128",2155,"RB73","",2,"","",""
"66127",2155,"RB72","",2,"","",""
"66126",2155,"RB71","",2,"","",""
"66125",2155,"RB69","",2,"","",""
"66124",2155,"RB67","",2,"","",""
"66123",2155,"RB66","",2,"","",""
"66122",2155,"RB65","",2,"","",""
"66121",2155,"RB59","",2,"","",""
"66120",2155,"RB50","",2,"","",""
"65205",2155,"RB61","",2,"","",""
"63224",2505,"RB79","",2,"","",""
"63223",2505,"RB77","",2,"","",""
"63221",2505,"RB38","",2,"","",""
"63220",2505,"RB37","",2,"","",""
"62976",2506,"S51","",1,"","",""
"62975",2506,"S21","",1,"","",""
"62974",2506,"S7","",1,"","",""
"62973",2506,"S6","",1,"","",""
"62972",2506,"S5","",1,"","",""
"62971",2506,"S4","",1,"","",""
"62970",2506,"S3","",1,"","",""
"62969",2506,"S2","",1,"","",""
"62968",2506,"S1","",1,"","",""
"62848",1322,"RE34","",2,"","",""
"62817",815,"RB57","",2,"","",""
"56431",1322,"RE28","",2,"","",""
"56426",608,"RB83","",2,"","",""
"56425",608,"RB87","",2,"","",""
"55260",1322,"RE14","",2,"","",""
"55259",1322,"RE17","",2,"","",""
"55257",1322,"RE35","",2,"","",""
"55256",1322,"RE51","",2,"","",""
"55255",1322,"RE56","",2,"","",""
"55254",1322,"RE87","",2,"","",""
"54605",969,"RB69","",2,"","",""
"54578",969,"RE3","",2,"","",""
"54538",969,"RB59","",2,"","",""
"54537",969,"RB61","",2,"","",""
"54533",969,"RB66","",2,"","",""
"54529",969,"RB72","",2,"","",""
"54523",969,"RE78","",2,"","",""
"53731",2160,"DPN","",2,"","",""
"53706",969,"RB50","",3,"","",""
"53443",1322,"12","",2,"","",""
"53437",1322,"IC","",2,"","",""
"53099",1655,"MEX","",2,"","",""
"52337",1201,"RE8","",2,"","",""
"51856",1456,"R140","",2,"","",""
"50197",1249,"RB56","",2,"","",""
"47758",1689,"RB86","",2,"","",""
"47722",1201,"RE6","",2,"","",""
"47716",815,"RB36","",2,"","",""
"47710",815,"RB35","",2,"","",""
"43868",608,"RB6","",2,"","",""
"43867",608,"RB5","",2,"","",""
"43243",1689,"RB82","",2,"","",""
"43242",1689,"RB81","",2,"","",""
"43241",1689,"RB80","",2,"","",""
"43240",1689,"RB48","",2,"","",""
"43239",1689,"RB46","",2,"","",""
"43238",1689,"RB45","",2,"","",""
"43237",1689,"RB44","",2,"","",""
"43236",1689,"RB40","",2,"","",""
"43235",1689,"RE9","",2,"","",""
"43234",1689,"RE8","",2,"","",""
"43233",1689,"RE1","",2,"","",""
"43219",1689,"RE74","",2,"","",""
"43218",1689,"RE72","",2,"","",""
"43216",1689,"RB75","",2,"","",""
"43215",1689,"RB74","",2,"","",""
"43214",1689,"RB73","",2,"","",""
"43213",1689,"RB72","",2,"","",""
"43212",1689,"RB64","",2,"","",""
"43055",1456,"SCH","",4,"","",""
"43054",1456,"KAT","",4,"","",""
"43052",1456,"SCH","",4,"","",""
"43051",1456,"KAT","",4,"","",""
"42449",1060,"S31","",1,"","",""
"42448",1060,"S3","",1,"","",""
"42447",1060,"S21","",1,"","",""
"42446",1060,"S2","",1,"","",""
"42445",1060,"S11","",1,"","",""
"42444",1060,"S1","",1,"","",""
"34536",810,"RE70","",2,"","",""
"34535",810,"RE60","",2,"","",""
"34533",810,"RE15","",2,"","",""
"34530",605,"RB84","",2,"","",""
"34527",605,"RB58","",2,"","",""
"34523",605,"RB59","",2,"","",""
"34522",605,"RB85","",2,"","",""
"34520",605,"RB75","",2,"","",""
"34518",605,"RE18","",2,"","",""
"34517",605,"RB74","",2,"","",""
"34513",795,"RE50","",2,"","",""
"34512",795,"RE30","",2,"","",""
"34511",606,"RB41","",2,"","",""
"34510",606,"RE2","",2,"","",""
"34509",606,"RE3","",2,"","",""
"34508",606,"RE4","",2,"","",""
"34506",606,"RB31","",2,"","",""
"34505",607,"RB42","",2,"","",""
"34504",607,"RB32","",2,"","",""
"34503",607,"RB47","",2,"","",""
"34502",607,"RB43","",2,"","",""
"34501",607,"RE10","",2,"","",""
"34498",1655,"RB33","",2,"","",""
"26772",605,"RS4","",1,"","",""
"26771",605,"RS3","",1,"","",""
"26770",605,"RS2","",1,"","",""
"26769",605,"RS1","",1,"","",""
"70382",135,"522","",3,"","",""
"68893",135,"N50","Nachtliner N50",3,"","",""
"68892",135,"170","",3,"","",""
"68080",135,"835","",3,"","",""
"63858",554,"E7","",3,"","",""
"63857",554,"E3","",3,"","",""
"63625",135,"968","",3,"","",""
"63624",135,"652","",3,"","",""
"63623",135,"492","",3,"","",""
"63622",554,"254","",3,"","",""
"63128",554,"348","",3,"","",""
"62346",135,"760","",3,"","",""
"62345",135,"580","",3,"","",""
"62344",135,"490","",3,"","",""
"62343",135,"460","",3,"","",""
"58177",135,"639","",3,"","",""
"52845",135,"900","sprintH-900",3,"","",""
"52843",135,"600","sprintH-600",3,"","",""
"52842",135,"400","sprintH-400",3,"","",""
"52841",554,"800","sprintH-800",3,"","",""
"52840",554,"373","",3,"","",""
"51894",554,"E1","",3,"","",""
"49432",554,"18","",0,"","",""
"48285",135,"367","",3,"","",""
"48093",135,"917","",3,"","",""
"43994",135,"948","",3,"","",""
"43993",135,"835","",3,"","",""
"43992",135,"835","",3,"","",""
"32427",135,"965","",3,"","",""
"32426",135,"963","",3,"","",""
"31832",135,"930","",3,"","",""
"31831",135,"926","",3,"","",""
"31830",135,"910","",3,"","",""
"31829",135,"870","",3,"","",""
"31828",135,"860","",3,"","",""
"31827",135,"850","",3,"","",""
"31826",135,"840","",3,"","",""
"31825",135,"831","",3,"","",""
"31824",135,"820","",3,"","",""
"31822",135,"780","",3,"","",""
"31820",135,"741","",3,"","",""
"31819",135,"740","",3,"","",""
"31818",135,"711","",3,"","",""
"31817",135,"698","",3,"","",""
"31816",135,"697","",3,"","",""
"31815",135,"696","",3,"","",""
"31814",135,"695","",3,"","",""
"31813",135,"692","",3,"","",""
"31812",135,"690","",3,"","",""
"31811",135,"385","",3,"","",""
"31810",135,"382","",3,"","",""
"31809",135,"381","",3,"","",""
"31483",135,"962","",3,"","",""
"31482",135,"949","",3,"","",""
"31099",135,"300","sprintH-300",3,"","",""
"27688",135,"404","",3,"","",""
"23911",135,"572","",3,"","",""
"20381",135,"710","",3,"","",""
"20376",135,"715","",3,"","",""
"18070",135,"948","",3,"","",""
"16739",135,"964","",3,"","",""
"16737",554,"200","",3,"","",""
"16736",554,"100","",3,"","",""
"16292",135,"802","",3,"","",""
"14910",135,"966","",3,"","",""
"14908",135,"938","",3,"","",""
"14907",135,"927","",3,"","",""
"14905",135,"920","",3,"","",""
"14349",135,"N94","Nachtliner N94",3,"","",""
"14348",135,"N70","Nachtliner N70",3,"","",""
"14347",135,"N63","Nachtliner N63",3,"","",""
"14346",135,"N62","Nachtliner N62",3,"","",""
"14345",135,"N57","Nachtliner N57",3,"","",""
"14344",135,"N56","Nachtliner N56",3,"","",""
"14342",135,"N43","Nachtliner N43",3,"","",""
"14341",135,"N41","Nachtliner N41",3,"","",""
"14340",135,"N31","Nachtliner N31",3,"","",""
"14317",135,"967","",3,"","",""
"14311",135,"950","",3,"","",""
"14308",135,"946","",3,"","",""
"14302",135,"916","",3,"","",""
"14300",135,"907","",3,"","",""
"14299",135,"906","",3,"","",""
"14298",135,"905","",3,"","",""
"14296",135,"865","",3,"","",""
"14291",135,"830","",3,"","",""
"14288",135,"801","",3,"","",""
"14286",135,"785","",3,"","",""
"14283",135,"745","",3,"","",""
"14277",135,"701","",3,"","",""
"14276",135,"700","sprintH-700",3,"","",""
"14271",135,"694","",3,"","",""
"14268",135,"651","",3,"","",""
"14263",135,"638","",3,"","",""
"14262",135,"636","",3,"","",""
"14261",135,"635","",3,"","",""
"14259",135,"630","",3,"","",""
"14257",135,"621","",3,"","",""
"14256",135,"620","",3,"","",""
"14253",135,"575","",3,"","",""
"14252",135,"574","",3,"","",""
"14251",135,"573","",3,"","",""
"14250",135,"571","",3,"","",""
"14249",135,"570","",3,"","",""
"14248",135,"562","",3,"","",""
"14247",135,"561","",3,"","",""
"14246",135,"560","",3,"","",""
"14245",135,"540","",3,"","",""
"14244",135,"534","",3,"","",""
"14242",135,"532","",3,"","",""
"14240",135,"530","",3,"","",""
"14239",135,"523","",3,"","",""
"14237",135,"521","",3,"","",""
"14236",135,"520","",3,"","",""
"14235",135,"510","",3,"","",""
"14234",135,"502","",3,"","",""
"14233",135,"501","",3,"","",""
"14232",135,"500","sprintH-500",3,"","",""
"14225",135,"431","",3,"","",""
"14224",135,"430","",3,"","",""
"14223",135,"421","",3,"","",""
"14222",135,"410","",3,"","",""
"14216",135,"383","",3,"","",""
"14213",135,"380","",3,"","",""
"14212",135,"366","",3,"","",""
"14211",135,"365","",3,"","",""
"14210",135,"360","",3,"","",""
"14208",135,"320","",3,"","",""
"14207",135,"310","",3,"","",""
"14206",135,"301","",3,"","",""
"14205",135,"300","sprintH 300",3,"","",""
"14201",554,"631","",3,"","",""
"14198",554,"611","",3,"","",""
"14197",554,"610","",3,"","",""
"14196",554,"581","",3,"","",""
"14195",554,"480","",3,"","",""
"14194",554,"470","",3,"","",""
"14193",554,"450","",3,"","",""
"14192",554,"420","",3,"","",""
"14191",554,"390","",3,"","",""
"14189",554,"372","",3,"","",""
"14188",554,"371","",3,"","",""
"14186",554,"363","",3,"","",""
"14185",554,"346","",3,"","",""
"14184",554,"341","",3,"","",""
"14183",554,"340","",3,"","",""
"14182",554,"330","",3,"","",""
"14178",554,"253","",3,"","",""
"14176",554,"137","",3,"","",""
"14175",554,"136","",3,"","",""
"14174",554,"135","",3,"","",""
"14173",554,"134","",3,"","",""
"14172",554,"133","",3,"","",""
"14169",554,"130","",3,"","",""
"14168",554,"129","",3,"","",""
"14167",554,"128","",3,"","",""
"14166",554,"127","",3,"","",""
"14165",554,"126","",3,"","",""
"14164",554,"125","",3,"","",""
"14163",554,"124","",3,"","",""
"14162",554,"123","",3,"","",""
"14161",554,"122","",3,"","",""
"14160",554,"121","",3,"","",""
"14159",554,"120","",3,"","",""
"14158",554,"17","",0,"","",""
"14157",554,"11","",0,"","",""
"14156",554,"10","",0,"","",""
"14155",554,"10","",0,"","",""
"14154",554,"9","",0,"","",""
"14153",554,"8","",0,"","",""
"14152",554,"7","",0,"","",""
"14151",554,"6","",0,"","",""
"14150",554,"5","",0,"","",""
"14149",554,"4","",0,"","",""
"14148",554,"3","",0,"","",""
"14147",554,"2","",0,"","",""
"14146",554,"1","",0,"","",""
"53917",216,"207","",3,"009640","",""
"53422",326,"10E","",3,"312783","ffffff",""
"49430",326,"5S","",0,"","",""
"49429",326,"5","",0,"009db1","",""
"36865",326,"27E","",3,"ef7d00","",""
"35864",216,"218","",3,"009640","",""
"35863",216,"216","",3,"005ca9","ffffff",""
"35862",216,"215","",3,"009fe3","ffffff",""
"35861",216,"214","",3,"951b81","ffffff",""
"35860",216,"213","",3,"e30613","ffffff",""
"35859",216,"212","",3,"ef7d00","ffffff",""
"35858",216,"208","",3,"a69dcd","",""
"35857",216,"206","",3,"005ca9","ffffff",""
"35856",216,"205","",3,"009fe3","ffffff",""
"35855",216,"204","",3,"951b81","ffffff",""
"35854",216,"203","",3,"e30613","ffffff",""
"35853",216,"202","",3,"ef7d00","ffffff",""
"35852",216,"201","",3,"ffcc00","",""
"35761",326,"1","",0,"27A34B","ffffff",""
"35760",326,"2","",0,"005ca9","ffffff",""
"35759",326,"3","",0,"ffffff","009fe3",""
"35758",326,"4","",0,"e30613","ffffff",""
"35757",326,"6","",0,"ffcc00","000000",""
"35756",326,"8","",0,"ffffff","95c11f",""
"35755",326,"10","",0,"312783","FFFFFF",""
"35754",326,"1E","",0,"009640","ffffff",""
"35753",326,"2E","",0,"005ca9","ffffff",""
"35752",326,"6E","",0,"ffcc00","",""
"35751",326,"1E","",0,"009640","ffffff",""
"35750",326,"E","",0,"","",""
"35749",326,"E","",0,"","",""
"35748",326,"6E","",0,"ffcc00","",""
"35747",326,"N1","",0,"009640","ffffff",""
"35746",326,"N4","",0,"e30613","ffffff",""
"35745",326,"N10","",0,"009fe3","ffffff",""
"35744",326,"1E","",0,"009640","ffffff",""
"35743",326,"2E","",0,"005ca9","ffffff",""
"35741",326,"4E","",0,"e30613","ffffff",""
"35738",326,"10E","",0,"312783","ffffff",""
"35737",326,"1S","",0,"009640","ffffff",""
"35734",326,"21","",3,"009fe3","ffffff",""
"35733",326,"22","",3,"a69dcd","ffffff",""
"35732",326,"24","",3,"951b81","ffffff",""
"35731",326,"25","",3,"009640","ffffff",""
"35730",326,"26","",3,"e30613","ffffff",""
"35729",326,"27","",3,"ef7d00","ffffff",""
"35728",326,"28","",3,"ffcc00","",""
"35727",326,"29","",3,"95c11f","ffffff",""
"35726",326,"31","",3,"95c11f","ffffff",""
"35725",326,"33","",3,"ffcc00","",""
"35723",326,"37","",3,"951b81","ffffff",""
"35722",326,"38","",3,"ffcc00","",""
"35721",326,"39","",3,"ffcc00","",""
"35720",326,"40","",3,"e30613","ffffff",""
"35719",326,"41","",3,"e30613","ffffff",""
"35718",326,"42","",3,"ffcc00","",""
"35717",326,"44","",3,"ef7d00","ffffff",""
"35715",326,"52","",3,"95c11f","ffffff",""
"35713",326,"55","",3,"ffcc00","",""
"35712",326,"57","",3,"ef7d00","",""
"35711",326,"58","",3,"ef7d00","",""
"35710",326,"61","",3,"009fe3","ffffff",""
"35709",326,"62","",3,"009640","ffffff",""
"35708",326,"63","",3,"312783","ffffff",""
"35705",326,"80","",3,"95c11f","",""
"35701",326,"90","",3,"312783","ffffff",""
"35700",326,"91","",3,"009fe3","",""
"35699",326,"92","",3,"009fe3","",""
"35698",326,"93","",3,"ffcc00","",""
"35697",326,"94","",3,"e30613","ffffff",""
"35696",326,"95","",3,"ef7d00","",""
"35695",326,"96","",3,"951b81","ffffff",""
"35693",326,"98","",3,"009640","",""
"35691",326,"E","",3,"312783","ffffff",""
"35688",326,"N3","",3,"e6007e","ffffff",""
"35687",326,"N5","",3,"ef7d00","",""
"35686",326,"N6","",3,"009fe3","ffffff",""
"35685",326,"N7","",3,"95c11f","",""
"35684",326,"N9","",3,"ffcc00","",""
"35683",326,"41S","",3,"e30613","ffffff",""
"35680",326,"21E","",3,"009fe3","ffffff",""
"35679",326,"22E","",3,"a69dcd","ffffff",""
"35678",326,"24E","",3,"951b81","ffffff",""
"35677",326,"33E","",3,"ffcc00","",""
"35675",326,"37E","",3,"951b81","ffffff",""
"35674",326,"41E","",3,"e30613","ffffff",""
"35673",326,"90E","",3,"312783","ffffff",""
"72747",231,"E","",0,"","",""
"72599",1990,"800","",3,"","",""
"72598",549,"145","",3,"","",""
"72024",549,"193","",3,"","",""
"72023",549,"128","",3,"","",""
"72022",549,"127","",3,"","",""
"72021",549,"104","",3,"","",""
"71883",231,"5","",0,"","",""
"71882",231,"3","",0,"","",""
"69858",231,"429","",3,"","",""
"67653",547,"510","",3,"","",""
"61867",548,"809","",3,"","",""
"61557",547,"518","",3,"","",""
"60988",551,"734","",3,"","",""
"59207",231,"421","",3,"","",""
"58452",549,"175","",3,"","",""
"57210",1990,"860","",3,"","",""
"57208",1990,"852","",3,"","",""
"57206",1990,"832","",3,"","",""
"57202",546,"394","",3,"","",""
"55825",546,"399","",3,"","",""
"55824",550,"227","",3,"","",""
"55823",550,"226","",3,"","",""
"55821",550,"224","",3,"","",""
"55820",550,"223","",3,"","",""
"55819",550,"222","",3,"","",""
"55818",550,"221","",3,"","",""
"55361",1990,"850","",3,"","",""
"55358",1990,"655","",3,"","",""
"55357",1990,"655","",3,"","",""
"54402",231,"E","",3,"","",""
"52937",551,"748","",3,"","",""
"52935",551,"731 H","",3,"","",""
"52934",551,"731 H","",3,"","",""
"52202",551,"745","",3,"","",""
"52131",231,"10","",0,"","",""
"52128",231,"430","",3,"","",""
"52044",551,"747","",3,"","",""
"52043",551,"746","",3,"","",""
"52042",551,"732","",3,"","",""
"51906",1990,"836","",3,"","",""
"49783",1990,"861","",3,"","",""
"49781",1990,"860","",3,"","",""
"49779",1990,"852","",3,"","",""
"49778",1990,"851","",3,"","",""
"49777",1990,"851","",3,"","",""
"49775",1990,"841","",3,"","",""
"49774",1990,"840","",3,"","",""
"49773",1990,"840","",3,"","",""
"49771",1990,"834","",3,"","",""
"49769",1990,"833","",3,"","",""
"49768",1990,"832","",3,"","",""
"49766",1990,"831","",3,"","",""
"49765",1990,"830","",3,"","",""
"49763",1990,"822","",3,"","",""
"49761",1990,"821","",3,"","",""
"49759",1990,"810","",3,"","",""
"49758",1990,"650","",3,"","",""
"49757",1990,"650","",3,"","",""
"49158",551,"740","",3,"","",""
"48697",1935,"531","",3,"","",""
"48695",1935,"508","",3,"","",""
"48689",1935,"502","",3,"","",""
"48687",1935,"500","",3,"","",""
"48588",549,"BB41","",3,"","",""
"48587",549,"BB40","",3,"","",""
"47852",231,"435","",3,"","",""
"47226",1750,"757","",3,"","",""
"47223",1750,"750","",3,"","",""
"44902",550,"269","",3,"","",""
"44901",550,"268","",3,"","",""
"44900",550,"267","",3,"","",""
"44899",550,"266","",3,"","",""
"44898",550,"265","",3,"","",""
"44897",550,"264","",3,"","",""
"44896",550,"263","",3,"","",""
"44895",550,"262","",3,"","",""
"44894",550,"261","",3,"","",""
"44893",550,"231","",3,"","",""
"44892",550,"230","",3,"","",""
"44891",550,"218","",3,"","",""
"44890",550,"216","",3,"","",""
"44889",550,"215","",3,"","",""
"44888",550,"213","",3,"","",""
"44887",550,"212","",3,"","",""
"44886",550,"211","",3,"","",""
"44885",550,"204","",3,"","",""
"44884",550,"203","",3,"","",""
"44882",550,"201","",3,"","",""
"44647",1750,"756","",3,"","",""
"44646",1750,"755","",3,"","",""
"44644",1750,"754","",3,"","",""
"44642",1750,"753","",3,"","",""
"44640",1750,"752","",3,"","",""
"44638",1750,"751","",3,"","",""
"44636",1750,"335","",3,"","",""
"44635",1750,"165","",3,"","",""
"44634",1750,"163","",3,"","",""
"44632",1750,"162","",3,"","",""
"44631",1750,"161","",3,"","",""
"44630",1750,"160","",3,"","",""
"44629",1750,"153","",3,"","",""
"44628",1750,"151","",3,"","",""
"34887",231,"482","",3,"","",""
"33597",231,"426","",3,"","",""
"32730",231,"5","",0,"","",""
"32729",231,"3","",0,"","",""
"32728",231,"1","",0,"","",""
"32727",231,"419","",3,"","",""
"32635",546,"626","",3,"","",""
"32628",546,"360","",3,"","",""
"32617",231,"566","",3,"","",""
"32616",231,"429","",3,"","",""
"32595",546,"603","",3,"","",""
"31730",231,"427","",3,"","",""
"31729",231,"412","",3,"","",""
"31728",231,"416","",3,"","",""
"31727",231,"413","",3,"","",""
"31393",231,"436","",3,"","",""
"31093",231,"455","",3,"","",""
"31092",231,"454","",3,"","",""
"31091",231,"434","",3,"","",""
"31090",231,"431","",3,"","",""
"31089",231,"424","",3,"","",""
"31087",231,"414","",3,"","",""
"29609",231,"560","",3,"","",""
"28672",546,"602","",3,"","",""
"27796",549,"150","",3,"","",""
"24793",547,"522","",3,"","",""
"24792",547,"521","",3,"","",""
"24425",549,"186","",3,"","",""
"24424",549,"180","",3,"","",""
"24423",549,"148","",3,"","",""
"24422",549,"139","",3,"","",""
"24421",549,"138","",3,"","",""
"24389",547,"525","",3,"","",""
"24388",547,"524","",3,"","",""
"24387",547,"516","",3,"","",""
"24386",547,"515","",3,"","",""
"24384",547,"513","",3,"","",""
"24382",547,"511","",3,"","",""
"24289",231,"2","",0,"","",""
"24286",231,"411","",3,"","",""
"24158",231,"4","",0,"","",""
"24151",546,"613","",3,"","",""
"23554",549,"147","",3,"","",""
"23553",549,"146","",3,"","",""
"23552",549,"144","",3,"","",""
"23551",549,"143","",3,"","",""
"23550",549,"142","",3,"","",""
"23549",549,"141","",3,"","",""
"23548",549,"140","",3,"","",""
"23547",549,"129","",3,"","",""
"23546",549,"126","",3,"","",""
"23510",549,"125","",3,"","",""
"23509",549,"124","",3,"","",""
"23508",549,"123","",3,"","",""
"23507",549,"121","",3,"","",""
"23506",549,"120","",3,"","",""
"22086",551,"730","",3,"","",""
"18693",546,"615","",3,"","",""
"18569",231,"E","",0,"","",""
"17992",549,"174","",3,"","",""
"17991",549,"107","",3,"","",""
"17969",549,"185","",3,"","",""
"17968",549,"184","",3,"","",""
"17850",546,"372","",3,"","",""
"17848",546,"371","",3,"","",""
"17846",546,"370","",3,"","",""
"17743",231,"465","",3,"","",""
"17422",549,"196","",3,"","",""
"16756",548,"805","",3,"","",""
"15949",549,"114","",3,"","",""
"15852",549,"113","",3,"","",""
"14809",231,"481","",3,"","",""
"14806",231,"464","",3,"","",""
"14804",231,"461","",3,"","",""
"14800",231,"450","",3,"","",""
"14799",231,"445","",3,"","",""
"14794",231,"437","",3,"","",""
"14790",231,"433","",3,"","",""
"14785",231,"422","",3,"","",""
"14783",231,"420","",3,"","",""
"14781",231,"418","",3,"","",""
"14780",231,"417","",3,"","",""
"14764",546,"875","",3,"","",""
"14763",546,"874","",3,"","",""
"14762",546,"873","",3,"","",""
"14761",546,"871","",3,"","",""
"14757",546,"820","",3,"","",""
"14753",546,"797","",3,"","",""
"14752",546,"796","",3,"","",""
"14751",546,"795","",3,"","",""
"14750",546,"794","",3,"","",""
"14749",546,"793","",3,"","",""
"14748",546,"792","",3,"","",""
"14747",546,"791","",3,"","",""
"14746",546,"790","",3,"","",""
"14745",546,"710","",3,"","",""
"14744",546,"640","",3,"","",""
"14742",546,"630","",3,"","",""
"14741",546,"628","",3,"","",""
"14740",546,"627","",3,"","",""
"14739",546,"626","",3,"","",""
"14738",546,"621","",3,"","",""
"14737",546,"620","",3,"","",""
"14736",546,"619","",3,"","",""
"14735",546,"618","",3,"","",""
"14734",546,"616","",3,"","",""
"14733",546,"612","",3,"","",""
"14732",546,"611","",3,"","",""
"14731",546,"610","",3,"","",""
"14730",546,"609","",3,"","",""
"14729",546,"608","",3,"","",""
"14728",546,"607","",3,"","",""
"14727",546,"606","",3,"","",""
"14726",546,"604","",3,"","",""
"14724",546,"601","",3,"","",""
"14722",546,"398","",3,"","",""
"14721",546,"397","",3,"","",""
"14720",546,"396","",3,"","",""
"14719",546,"395","",3,"","",""
"14717",546,"393","",3,"","",""
"14716",546,"392","",3,"","",""
"14715",546,"391","",3,"","",""
"14714",546,"390","",3,"","",""
"14711",546,"387","",3,"","",""
"14710",546,"386","",3,"","",""
"14709",546,"385","",3,"","",""
"14708",546,"384","",3,"","",""
"14707",546,"383","",3,"","",""
"14706",546,"382","",3,"","",""
"14705",546,"381","",3,"","",""
"14704",546,"380","",3,"","",""
"14675",548,"806","",3,"","",""
"14674",548,"804","",3,"","",""
"14673",548,"803","",3,"","",""
"14672",548,"802","",3,"","",""
"14671",548,"801","",3,"","",""
"14670",549,"197","",3,"","",""
"14669",549,"195","",3,"","",""
"14668",549,"194","",3,"","",""
"14667",549,"193","",3,"","",""
"14666",549,"192","",3,"","",""
"14665",549,"191","",3,"","",""
"14664",549,"183","",3,"","",""
"14661",549,"173","",3,"","",""
"14660",549,"172","",3,"","",""
"14659",549,"171","",3,"","",""
"14658",549,"170","",3,"","",""
"14657",549,"164","",3,"","",""
"14652",549,"159","",3,"","",""
"14651",549,"158","",3,"","",""
"14650",549,"157","",3,"","",""
"14649",549,"156","",3,"","",""
"14648",549,"155","",3,"","",""
"14647",549,"154","",3,"","",""
"14645",549,"152","",3,"","",""
"14643",549,"145","",3,"","",""
"14638",549,"137","",3,"","",""
"14637",549,"136","",3,"","",""
"14636",549,"135","",3,"","",""
"14635",549,"134","",3,"","",""
"14634",549,"133","",3,"","",""
"14633",549,"132","",3,"","",""
"14632",549,"131","",3,"","",""
"14630",549,"128","",3,"","",""
"14629",549,"127","",3,"","",""
"14624",549,"122","",3,"","",""
"14621",549,"112","",3,"","",""
"14620",549,"111","",3,"","",""
"14619",549,"106","",3,"","",""
"14618",549,"105","",3,"","",""
"14617",549,"104","",3,"","",""
"14616",549,"103","",3,"","",""
"14615",549,"102","",3,"","",""
"14614",549,"101","",3,"","",""
"14613",549,"100","",3,"","",""
"14602",551,"744","",3,"","",""
"14601",551,"743","",3,"","",""
"14600",551,"742 H","",3,"","",""
"14599",551,"741","",3,"","",""
"14598",551,"739","",3,"","",""
"14597",551,"733","",3,"","",""
"51788",124,"835","",3,"","",""
"51622",124,"3813","",3,"","",""
"51621",124,"868","",3,"","",""
"51620",124,"867","",3,"","",""
"51619",124,"866","",3,"","",""
"51618",124,"865","",3,"","",""
"51617",124,"864","",3,"","",""
"51616",124,"863","",3,"","",""
"51615",124,"862","",3,"","",""
"51614",124,"861","",3,"","",""
"51613",124,"849","",3,"","",""
"51612",124,"848","",3,"","",""
"51611",124,"847","",3,"","",""
"51610",124,"846","",3,"","",""
"51609",124,"845","",3,"","",""
"51608",124,"843","",3,"","",""
"51607",124,"842","",3,"","",""
"51606",124,"841","",3,"","",""
"51605",124,"838","",3,"","",""
"51604",124,"837","",3,"","",""
"51603",124,"836","",3,"","",""
"51602",124,"834","",3,"","",""
"51601",124,"832","",3,"","",""
"51600",124,"831","",3,"","",""
"51599",124,"828","",3,"","",""
"51598",124,"827","",3,"","",""
"51597",124,"826","",3,"","",""
"51596",124,"825","",3,"","",""
"51595",124,"824","",3,"","",""
"51594",124,"823","",3,"","",""
"51593",124,"822","",3,"","",""
"51592",124,"821","",3,"","",""
"51591",124,"818","",3,"","",""
"51590",124,"817","",3,"","",""
"51589",124,"816","",3,"","",""
"51588",124,"815","",3,"","",""
"51587",124,"814","",3,"","",""
"51586",124,"812","",3,"","",""
"51585",124,"811","",3,"","",""
"51584",124,"810","",3,"","",""
"51583",124,"800","",3,"","",""
"51582",124,"670","",3,"","",""
"51581",124,"668","",3,"","",""
"51580",124,"640","",3,"","",""
"51579",124,"636","",3,"","",""
"51578",124,"633","",3,"","",""
"51577",124,"632","",3,"","",""
"51576",124,"630","",3,"","",""
"51575",124,"620","",3,"","",""
"51574",124,"619","",3,"","",""
"51573",124,"618","",3,"","",""
"51572",124,"617","",3,"","",""
"51571",124,"616","",3,"","",""
"51570",124,"615","",3,"","",""
"51569",124,"614","",3,"","",""
"51568",124,"613","",3,"","",""
"51567",124,"612","",3,"","",""
"51566",124,"611","",3,"","",""
"51565",124,"610","",3,"","",""
"51564",124,"608","",3,"","",""
"23932",124,"3860","",3,"","",""
"62297",271,"B72","",3,"","",""
"62296",271,"B71","",3,"","",""
"55712",271,"B16","",3,"","",""
"53686",271,"R27","",3,"","",""
"51799",271,"96","",3,"","",""
"48427",271,"R44","",3,"","",""
"46248",271,"B54","",3,"","",""
"46247",271,"B52","",3,"","",""
"46245",271,"95","",3,"","",""
"46244",271,"94","",3,"","",""
"46243",271,"93","",3,"","",""
"46242",271,"92","",3,"","",""
"46241",271,"91","",3,"","",""
"46240",271,"72","",3,"","",""
"46239",271,"71","",3,"","",""
"46238",271,"63","",3,"","",""
"46237",271,"62","",3,"","",""
"46236",271,"61","",3,"","",""
"46235",271,"54","",3,"","",""
"46234",271,"53","",3,"","",""
"46233",271,"51","",3,"","",""
"46232",271,"50","",3,"","",""
"46231",271,"45","",3,"","",""
"46230",271,"44","",3,"","",""
"46229",271,"43","",3,"","",""
"46228",271,"40","",3,"","",""
"46227",271,"38","",3,"","",""
"46226",271,"37","",3,"","",""
"46225",271,"35","",3,"","",""
"46224",271,"34","",3,"","",""
"46223",271,"30","",3,"","",""
"46222",271,"28","",3,"","",""
"46221",271,"27","",3,"","",""
"46220",271,"25","",3,"","",""
"46219",271,"24","",3,"","",""
"46218",271,"23","",3,"","",""
"46217",271,"22","",3,"","",""
"46216",271,"21","",3,"","",""
"46215",271,"20","",3,"","",""
"46214",271,"18","",3,"","",""
"46213",271,"17","",3,"","",""
"46212",271,"15","",3,"","",""
"46211",271,"10","",3,"","",""
"46209",271,"6","",3,"","",""
"16770",271,"5","",3,"","",""
"16769",271,"4","",3,"","",""
"16768",271,"3","",3,"","",""
"16767",271,"2","",3,"","",""
"16766",271,"1","",3,"","",""
"72013",148,"75","",3,"","",""
"72012",148,"74","",3,"","",""
"72011",148,"73","",3,"","",""
"72010",148,"72","",3,"","",""
"72009",148,"70","",3,"","",""
"72008",148,"65","",3,"","",""
"72007",148,"64","",3,"","",""
"72006",148,"63","",3,"","",""
"72005",148,"62","",3,"","",""
"72004",148,"60","",3,"","",""
"72003",148,"56","",3,"","",""
"72002",148,"55","",3,"","",""
"72001",148,"53","",3,"","",""
"72000",148,"52","",3,"","",""
"71999",148,"51","",3,"","",""
"71998",148,"50","",3,"","",""
"71997",148,"42","",3,"","",""
"71996",148,"40","",3,"","",""
"71995",148,"19","",3,"","",""
"71994",148,"16","",3,"","",""
"71993",148,"15","",3,"","",""
"71992",148,"10","",3,"","",""
"71925",148,"18","",3,"","",""
"71924",148,"17","",3,"","",""
"71792",154,"760","",3,"","",""
"71791",154,"726","",3,"","",""
"71790",154,"704","",3,"","",""
"71127",154,"152","",3,"","",""
"66897",1195,"63S","",3,"","",""
"62982",121,"N26","",3,"","",""
"62104",2190,"672","",3,"","",""
"62103",2190,"671","",3,"","",""
"62102",2190,"670","",3,"","",""
"62101",2190,"650","",3,"","",""
"62100",2190,"623","",3,"","",""
"62099",2190,"622","",3,"","",""
"60075",2190,"606","",3,"","",""
"59094",121,"291","",3,"","",""
"57597",1195,"291","",3,"","",""
"57068",148,"36","",3,"","",""
"57067",148,"35","",3,"","",""
"55807",121,"235","",3,"","",""
"55806",121,"234","",3,"","",""
"55805",121,"233","",3,"","",""
"55804",121,"232","",3,"","",""
"55803",121,"231","",3,"","",""
"55802",121,"230","",3,"","",""
"55613",2190,"953","",3,"","",""
"55612",2190,"952","",3,"","",""
"55608",2190,"929","",3,"","",""
"55607",2190,"951","",3,"","",""
"55606",2190,"940","",3,"","",""
"55605",2190,"954","",3,"","",""
"55604",2190,"950","",3,"","",""
"55603",2190,"696","",3,"","",""
"55602",2190,"600","",3,"","",""
"55337",121,"283","",3,"","",""
"55332",121,"281","",3,"","",""
"54977",2190,"927","",3,"","",""
"54957",2190,"970","",3,"","",""
"54956",2190,"939","",3,"","",""
"54955",2190,"938","",3,"","",""
"54954",2190,"931","",3,"","",""
"54949",2190,"694","",3,"","",""
"54948",2190,"692","",3,"","",""
"54947",2190,"691","",3,"","",""
"54946",2190,"690","",3,"","",""
"54945",2190,"693","",3,"","",""
"54943",2190,"641","",3,"","",""
"54942",2190,"640","",3,"","",""
"54936",2190,"613","",3,"","",""
"54935",2190,"612","",3,"","",""
"54934",2190,"611","",3,"","",""
"54933",2190,"610","",3,"","",""
"54932",2190,"609","",3,"","",""
"54931",2190,"604","",3,"","",""
"54930",2190,"603","",3,"","",""
"54929",2190,"602","",3,"","",""
"54928",2190,"601","",3,"","",""
"54927",2190,"916","",3,"","",""
"54926",2190,"913","",3,"","",""
"54925",2190,"911","",3,"","",""
"54921",2190,"632","",3,"","",""
"54920",2190,"631","",3,"","",""
"54916",2190,"965","",3,"","",""
"54915",2190,"695","",3,"","",""
"54910",2190,"664","",3,"","",""
"54909",2190,"663","",3,"","",""
"54908",2190,"662","",3,"","",""
"54907",2190,"661","",3,"","",""
"54905",2190,"621","",3,"","",""
"54904",2190,"620","",3,"","",""
"54873",219,"405","",3,"","",""
"54872",219,"400","",3,"","",""
"54777",1195,"150","",3,"","",""
"54745",219,"430","",3,"","",""
"54744",219,"426","",3,"","",""
"54743",219,"425","",3,"","",""
"54742",219,"422","",3,"","",""
"54741",219,"421","",3,"","",""
"54740",219,"419","",3,"","",""
"54739",219,"416","",3,"","",""
"54738",219,"415","",3,"","",""
"54737",219,"414","",3,"","",""
"54736",219,"411","",3,"","",""
"54735",219,"410","",3,"","",""
"54734",219,"409","",3,"","",""
"54733",219,"408","",3,"","",""
"54732",219,"407","",3,"","",""
"54731",219,"406","",3,"","",""
"54730",219,"404","",3,"","",""
"54729",219,"403","",3,"","",""
"54728",219,"402","",3,"","",""
"54727",219,"401","",3,"","",""
"53984",154,"556","",3,"","",""
"53404",1195,"340","",3,"","",""
"52480",1195,"BB1","",3,"","",""
"51713",1195,"1128","",3,"","",""
"51712",1195,"1126","",3,"","",""
"51669",1195,"172","",3,"","",""
"51668",1195,"171","",3,"","",""
"51667",1195,"170","",3,"","",""
"51666",1195,"169","",3,"","",""
"51665",1195,"168","",3,"","",""
"51664",1195,"167","",3,"","",""
"51663",1195,"162","",3,"","",""
"51662",1195,"161","",3,"","",""
"51661",1195,"159","",3,"","",""
"51660",1195,"146","",3,"","",""
"51659",1195,"145","",3,"","",""
"51658",1195,"144","",3,"","",""
"51657",1195,"142","",3,"","",""
"51656",1195,"141","",3,"","",""
"51655",1195,"140","",3,"","",""
"51654",1195,"137","",3,"","",""
"51653",1195,"131","",3,"","",""
"51652",1195,"129","",3,"","",""
"51651",1195,"125","",3,"","",""
"51650",1195,"158","",3,"","",""
"51649",1195,"138","",3,"","",""
"51648",1195,"136","",3,"","",""
"51647",1195,"135","",3,"","",""
"51646",1195,"134","",3,"","",""
"51645",1195,"133","",3,"","",""
"51644",1195,"132","",3,"","",""
"51643",1195,"128","",3,"","",""
"51642",1195,"127","",3,"","",""
"51641",1195,"126","",3,"","",""
"51640",1195,"123","",3,"","",""
"51639",1195,"122","",3,"","",""
"51638",1195,"288","",3,"","",""
"51636",1195,"186","",3,"","",""
"51635",1195,"185","",3,"","",""
"51634",1195,"184","",3,"","",""
"51633",1195,"183","",3,"","",""
"51632",1195,"182","",3,"","",""
"51631",1195,"181","",3,"","",""
"51630",1195,"117","",3,"","",""
"51629",1195,"116","",3,"","",""
"50992",121,"229","",3,"","",""
"50383",148,"34","",3,"","",""
"50382",148,"31","",3,"","",""
"50381",148,"30","",3,"","",""
"50380",148,"24","",3,"","",""
"50379",148,"23","",3,"","",""
"50378",148,"22","",3,"","",""
"50377",148,"21","",3,"","",""
"50224",1542,"905","",3,"","",""
"48178",1195,"284","",3,"","",""
"48177",1195,"282","",3,"","",""
"47190",121,"227","",3,"","",""
"47189",121,"226","",3,"","",""
"46917",148,"108","",3,"","",""
"46792",154,"725","",3,"","",""
"46670",1195,"228","",3,"","",""
"46669",1195,"194","",3,"","",""
"46668",1195,"163","",3,"","",""
"46667",1195,"157","",3,"","",""
"46666",1195,"121","",3,"","",""
"46665",1195,"120","",3,"","",""
"46664",1195,"119","",3,"","",""
"46663",1195,"118","",3,"","",""
"46662",1195,"114","",3,"","",""
"46574",148,"102","",3,"","",""
"46329",148,"179","",3,"","",""
"46328",148,"178","",3,"","",""
"46327",148,"177","",3,"","",""
"46326",148,"165","",3,"","",""
"46325",148,"164","",3,"","",""
"41134",1195,"109","",3,"","",""
"41133",1195,"106","",3,"","",""
"41132",1195,"104","",3,"","",""
"41131",1195,"102","",3,"","",""
"39291",1195,"N25","",3,"","",""
"39290",1195,"227","",3,"","",""
"39289",1195,"226","",3,"","",""
"39288",1195,"173","",3,"","",""
"39287",1195,"N12","",3,"","",""
"39286",1195,"115","",3,"","",""
"39285",1195,"113","",3,"","",""
"39283",1195,"107","",3,"","",""
"39281",1195,"105","",3,"","",""
"39279",1195,"103","",3,"","",""
"39277",1195,"101","",3,"","",""
"37553",1195,"287","",3,"","",""
"37552",1195,"278","",3,"","",""
"37551",1195,"266","",3,"","",""
"37550",1195,"264","",3,"","",""
"37549",1195,"261","",3,"","",""
"37548",1542,"917","",3,"","",""
"37547",1542,"907","",3,"","",""
"37546",1542,"906","",3,"","",""
"37545",1542,"904","",3,"","",""
"37544",1542,"903","",3,"","",""
"37385",1195,"289","",3,"","",""
"37383",1195,"286","",3,"","",""
"37382",1195,"285","",3,"","",""
"37381",1195,"280","",3,"","",""
"37380",1195,"279","",3,"","",""
"37378",1195,"277","",3,"","",""
"37377",1195,"276","",3,"","",""
"37376",1195,"275","",3,"","",""
"37375",1195,"274","",3,"","",""
"37374",1195,"273","",3,"","",""
"37373",1195,"272","",3,"","",""
"37372",1195,"271","",3,"","",""
"37371",1195,"270","",3,"","",""
"37370",1195,"269","",3,"","",""
"37369",1195,"268","",3,"","",""
"37368",1195,"267","",3,"","",""
"37366",1195,"265","",3,"","",""
"37364",1195,"263","",3,"","",""
"37363",1195,"262","",3,"","",""
"37361",1195,"260","",3,"","",""
"37242",148,"20","",3,"","",""
"36511",154,"550","",3,"","",""
"36510",154,"510","",3,"","",""
"36508",154,"500","",3,"","",""
"25810",154,"784","",3,"","",""
"25809",154,"783","",3,"","",""
"25808",154,"782","",3,"","",""
"25807",154,"781","",3,"","",""
"25806",154,"718","",3,"","",""
"25805",154,"717","",3,"","",""
"25804",154,"715","",3,"","",""
"25803",154,"714","",3,"","",""
"25802",154,"713","",3,"","",""
"25801",154,"712","",3,"","",""
"25800",154,"711","",3,"","",""
"25796",154,"701","",3,"","",""
"25606",148,"33","",3,"","",""
"25605",148,"32","",3,"","",""
"25603",148,"28","",3,"","",""
"25602",148,"27","",3,"","",""
"25601",148,"26","",3,"","",""
"25596",148,"154","",3,"","",""
"25452",148,"153","",3,"","",""
"25451",148,"152","",3,"","",""
"25450",148,"151","",3,"","",""
"25449",148,"150","",3,"","",""
"46916",176,"9","",3,"","",""
"46909",176,"8","",3,"","",""
"46908",176,"7","",3,"","",""
"46907",176,"6","",3,"","",""
"46905",176,"4","",3,"","",""
"46904",176,"3","",3,"","",""
"46903",176,"29","",3,"","",""
"46902",176,"2","",3,"","",""
"46900",176,"17","",3,"","",""
"46899",176,"16","",3,"","",""
"66896",620,"399","",3,"","",""
"66895",620,"398","",3,"","",""
"66894",620,"397","",3,"","",""
"66893",620,"396","",3,"","",""
"66892",620,"395","",3,"","",""
"66891",620,"394","",3,"","",""
"66890",620,"393","",3,"","",""
"66888",620,"388","",3,"","",""
"66887",620,"387","",3,"","",""
"66886",620,"386","",3,"","",""
"66885",620,"385","",3,"","",""
"66884",620,"384","",3,"","",""
"66883",620,"382","",3,"","",""
"66882",620,"380","",3,"","",""
"66881",620,"379","",3,"","",""
"66880",620,"378","",3,"","",""
"66879",620,"377","",3,"","",""
"66878",620,"375","",3,"","",""
"66877",620,"374","",3,"","",""
"66876",620,"373","",3,"","",""
"66875",620,"372","",3,"","",""
"66873",620,"N34","",3,"","",""
"57661",140,"277","",3,"","",""
"57660",140,"276","",3,"","",""
"57659",140,"275","",3,"","",""
"57658",140,"274","",3,"","",""
"57657",140,"273","",3,"","",""
"57656",140,"272","",3,"","",""
"57652",140,"268","",3,"","",""
"57651",140,"265","",3,"","",""
"57650",140,"264","",3,"","",""
"57649",140,"263","",3,"","",""
"57648",140,"262","",3,"","",""
"57647",140,"261","",3,"","",""
"57646",140,"260","",3,"","",""
"57645",140,"259","",3,"","",""
"57644",140,"258","",3,"","",""
"57643",140,"257","",3,"","",""
"57642",140,"256","",3,"","",""
"57641",140,"255","",3,"","",""
"57640",140,"253","",3,"","",""
"57639",140,"252","",3,"","",""
"57638",140,"251","",3,"","",""
"57637",140,"221","",3,"","",""
"67655",136,"2654 BB","",3,"","",""
"64824",136,"2653 BB","2653 - BBUS Lindhorst",3,"","",""
"64823",136,"2652 BB","2652 - BBUS Lindhorst",3,"","",""
"64822",136,"2651 BB","2651 - BBUS Lindhorst",3,"","",""
"59084",136,"2133","",3,"","",""
"59083",136,"2132","",3,"","",""
"59082",136,"2131","",3,"","",""
"59081",136,"2128","",3,"","",""
"59080",136,"2124","",3,"","",""
"59079",136,"2003","",3,"","",""
"59078",136,"2002","",3,"","",""
"59077",136,"2001","",3,"","",""
"35993",136,"2602","",3,"","",""
"35992",136,"2121","",3,"","",""
"35991",136,"2026","",3,"","",""
"35990",136,"2025","",3,"","",""
"35989",136,"2023","",3,"","",""
"35988",136,"2022","",3,"","",""
"35987",136,"2020","",3,"","",""
"35986",136,"2016","",3,"","",""
"35985",136,"2015","",3,"","",""
"35984",136,"2014","",3,"","",""
"35983",136,"2010","",3,"","",""
"35982",136,"2008","",3,"","",""
"33644",136,"2021","",3,"","",""
"33643",136,"2006","",3,"","",""
"33642",136,"2004","",3,"","",""
"18251",136,"BBUS BN","BBUS Bad Nennd",3,"","",""
"12301",136,"2024","",3,"","",""
"70677",226,"63","",3,"","",""
"62238",226,"N10","",3,"","",""
"62237",226,"N9","",3,"","",""
"61859",226,"E34","",3,"","",""
"61858",226,"34","",3,"","",""
"47268",226,"E92","",3,"","",""
"34744",226,"E","",3,"","",""
"34743",226,"E91","",3,"","",""
"34742",226,"E80","",3,"","",""
"34741",226,"E61","",3,"","",""
"34740",226,"E31","",3,"","",""
"34739",226,"E71","",3,"","",""
"34737",226,"E41","",3,"","",""
"34736",226,"E32","",3,"","",""
"34735",226,"E22","",3,"","",""
"34734",226,"E21","",3,"","",""
"34733",226,"E11","",3,"","",""
"34732",226,"E12","",3,"","",""
"33955",226,"11","",3,"","",""
"33954",226,"12","",3,"","",""
"33953",226,"21","",3,"","",""
"33952",226,"22","",3,"","",""
"33950",226,"31","",3,"","",""
"33949",226,"32","",3,"","",""
"33948",226,"33","",3,"","",""
"33947",226,"41","",3,"","",""
"33946",226,"42","",3,"","",""
"33945",226,"50","",3,"","",""
"33944",226,"61","",3,"","",""
"33943",226,"62","",3,"","",""
"33942",226,"71","",3,"","",""
"33941",226,"72","",3,"","",""
"33940",226,"73","",3,"","",""
"33939",226,"80","",3,"","",""
"33938",226,"91","",3,"","",""
"33937",226,"92","",3,"","",""
"33936",226,"N1","",3,"","",""
"33935",226,"N2","",3,"","",""
"33934",226,"N3","",3,"","",""
"33933",226,"N4","",3,"","",""
"33932",226,"N5","",3,"","",""
"33931",226,"N6","",3,"","",""
"33930",226,"N7","",3,"","",""
"33929",226,"N8","",3,"","",""
"58450",253,"8859","",3,"","",""
"58449",253,"5170","",3,"","",""
"58448",253,"5160","",3,"","",""
"49934",253,"565","",3,"","",""
"49931",253,"516","",3,"","",""
"49930",253,"515","",3,"","",""
"49929",253,"514","",3,"","",""
"49928",253,"513","",3,"","",""
"49927",253,"512","",3,"","",""
"49926",253,"510","",3,"","",""
"49925",253,"509","",3,"","",""
"49924",253,"508","",3,"","",""
"49923",253,"507","",3,"","",""
"49922",253,"506","",3,"","",""
"67600",720,"900","",3,"","",""
"67599",720,"612.5","",3,"","",""
"66749",146,"701","",3,"","",""
"66748",146,"195","",3,"","",""
"66747",146,"194","",3,"","",""
"66746",146,"193","",3,"","",""
"66745",146,"192","",3,"","",""
"66744",146,"174","",3,"","",""
"66743",146,"171","",3,"","",""
"66742",146,"160","",3,"","",""
"66741",146,"154","",3,"","",""
"66740",146,"153","",3,"","",""
"66739",146,"152","",3,"","",""
"66738",146,"151","",3,"","",""
"66737",146,"143","",3,"","",""
"66736",146,"141","",3,"","",""
"66735",146,"134","",3,"","",""
"66734",146,"133","",3,"","",""
"66733",146,"132","",3,"","",""
"66732",146,"131","",3,"","",""
"66731",146,"122","",3,"","",""
"66730",146,"121","",3,"","",""
"66729",146,"111","",3,"","",""
"66728",146,"102","",3,"","",""
"66727",146,"101","",3,"","",""
"66726",146,"74","",3,"","",""
"66725",146,"60","",3,"","",""
"66724",146,"41","",3,"","",""
"66723",146,"21","",3,"","",""
"66722",146,"11","",3,"","",""
"66721",146,"10","",3,"","",""
"72087",685,"8917","",3,"","",""
"72086",685,"8916","",3,"","",""
"72085",685,"8915","",3,"","",""
"72084",685,"8914","",3,"","",""
"72083",685,"8913","",3,"","",""
"72082",685,"8912","",3,"","",""
"72081",685,"8911","",3,"","",""
"72080",685,"8910","",3,"","",""
"72079",685,"8909","",3,"","",""
"72078",685,"8908","",3,"","",""
"72077",685,"8907","",3,"","",""
"72076",685,"8906","",3,"","",""
"72075",685,"8905","",3,"","",""
"72074",685,"8904","",3,"","",""
"72073",685,"8903","",3,"","",""
"72072",685,"8800","",3,"","",""
"72071",685,"8708","",3,"","",""
"72070",685,"8706","",3,"","",""
"72069",685,"8602","",3,"","",""
"72068",685,"8601","",3,"","",""
"72067",685,"8506","",3,"","",""
"72066",685,"8505","",3,"","",""
"72065",685,"8504","",3,"","",""
"72064",685,"8312","",3,"","",""
"72063",685,"8310","",3,"","",""
"72062",685,"8309","",3,"","",""
"72061",685,"8308","",3,"","",""
"72060",685,"8304","",3,"","",""
"72059",685,"8303","",3,"","",""
"72058",685,"8302","",3,"","",""
"72057",685,"8206","",3,"","",""
"72056",685,"8204","",3,"","",""
"72055",685,"8104","",3,"","",""
"72054",685,"8006","",3,"","",""
"72053",685,"8004","",3,"","",""
"71830",685,"8700","",3,"","",""
"71829",685,"8600","",3,"","",""
"71828",685,"8501","",3,"","",""
"71827",685,"8300","",3,"","",""
"71826",685,"8200","",3,"","",""
"71825",685,"8100","",3,"","",""
"71824",685,"8003","",3,"","",""
"71823",685,"8002","",3,"","",""
"55532",685,"7000","",3,"","",""
"46952",685,"8001","",3,"","",""
"46951",685,"8000","",3,"","",""
"68637",690,"42","",3,"","",""
"63544",2372,"33.2","",3,"","",""
"63543",2372,"33.1","",3,"","",""
"63541",690,"195","",3,"","",""
"63540",690,"194","",3,"","",""
"63539",690,"193","",3,"","",""
"63538",690,"192","",3,"","",""
"63537",690,"190","",3,"","",""
"58944",2372,"34","",3,"","",""
"58943",2372,"33","",3,"","",""
"58942",2372,"30","",3,"","",""
"66992",257,"929 A","",3,"","",""
"63600",257,"612-5","",3,"","",""
"61103",257,"974","",3,"","",""
"61102",257,"973","",3,"","",""
"61101",257,"972","",3,"","",""
"61100",257,"971","",3,"","",""
"61099",257,"969","",3,"","",""
"61098",257,"968","",3,"","",""
"61097",257,"965","",3,"","",""
"61073",257,"977","",3,"","",""
"61072",257,"966","",3,"","",""
"58712",257,"927","",3,"","",""
"49951",257,"REX5","",3,"","",""
"49950",257,"REX4","",3,"","",""
"49948",257,"REX2","",3,"","",""
"49947",257,"REX1","",3,"","",""
"46578",257,"926 B","",3,"","",""
"46577",257,"921B","",3,"","",""
"37937",257,"B900","",3,"","",""
"37787",257,"961","",3,"","",""
"37786",257,"960","",3,"","",""
"37785",257,"910","",3,"","",""
"37784",257,"907","",3,"","",""
"36972",257,"950","",3,"","",""
"35808",257,"2","",3,"","",""
"35807",257,"1","",3,"","",""
"32429",257,"5","",3,"","",""
"27771",257,"4","",3,"","",""
"25996",257,"947","",3,"","",""
"23986",257,"3","",3,"","",""
"22583",257,"963","",3,"","",""
"21461",257,"987","",3,"","",""
"21460",257,"983","",3,"","",""
"21459",257,"982","",3,"","",""
"21458",257,"980","",3,"","",""
"21456",257,"970","",3,"","",""
"18707",257,"928","",3,"","",""
"18706",257,"906","",3,"","",""
"18705",257,"904","",3,"","",""
"18704",257,"903","",3,"","",""
"18703",257,"902","",3,"","",""
"18702",257,"901","",3,"","",""
"18288",257,"955","",3,"","",""
"18287",257,"954","",3,"","",""
"18286",257,"953","",3,"","",""
"15612",257,"915","",3,"","",""
"13342",257,"931","",3,"","",""
"13341",257,"932","",3,"","",""
"11881",257,"952","",3,"","",""
"11778",257,"951","",3,"","",""
"11429",257,"920","",3,"","",""
"11427",257,"921","",3,"","",""
"11426",257,"911","",3,"","",""
"11425",257,"919","",3,"","",""
"11424",257,"926","",3,"","",""
"11423",257,"929","",3,"","",""
"11421",257,"930","",3,"","",""
"7229",257,"933","",3,"","",""
"72048",221,"4607","",3,"","",""
"71853",221,"2726","",3,"","",""
"71852",221,"2725","",3,"","",""
"71851",221,"2724","",3,"","",""
"71850",221,"2723","",3,"","",""
"71849",221,"2722","",3,"","",""
"71848",221,"2721","",3,"","",""
"71847",221,"2720","",3,"","",""
"68449",221,"5016","",3,"","",""
"68448",221,"5008","",3,"","",""
"68447",221,"550","",3,"","",""
"67121",1850,"208","",3,"","",""
"67120",1850,"207","",3,"","",""
"67119",1850,"112","",3,"","",""
"67118",1850,"111","",3,"","",""
"67117",1850,"110","",3,"","",""
"63458",221,"5753","",3,"","",""
"63457",221,"5752","",3,"","",""
"63456",221,"5751","",3,"","",""
"63455",221,"5707","",3,"","",""
"63454",221,"5651","",3,"","",""
"63453",221,"5607","",3,"","",""
"63452",221,"5356","",3,"","",""
"63451",221,"5355","",3,"","",""
"63450",221,"5352","",3,"","",""
"63449",221,"5351","",3,"","",""
"63448",221,"5333","",3,"","",""
"60148",221,"HS 5","",3,"","",""
"59249",221,"4750","",3,"","",""
"58885",221,"2012","",3,"","",""
"58677",221,"2935","",3,"","",""
"55842",221,"1941BB","",3,"","",""
"55636",221,"5953","",3,"","",""
"55635",221,"5952","",3,"","",""
"55630",221,"5335","",3,"","",""
"55628",221,"5315","",3,"","",""
"55627",221,"5115","",3,"","",""
"53837",221,"4860","",3,"","",""
"53108",221,"2303","",3,"","",""
"53107",221,"2302","",3,"","",""
"53106",221,"2301","",3,"","",""
"52910",221,"5020","",3,"","",""
"52901",221,"4666","",3,"","",""
"52900",221,"4665","",3,"","",""
"52899",221,"4644","",3,"","",""
"52898",221,"4606","",3,"","",""
"52897",221,"4605","",3,"","",""
"52896",221,"540","",3,"","",""
"52895",221,"440","",3,"","",""
"52894",221,"343","",3,"","",""
"52893",221,"4210","",3,"","",""
"52892",221,"4200","",3,"","",""
"52891",221,"149","",3,"","",""
"52890",221,"2377","",3,"","",""
"52889",221,"2376","",3,"","",""
"52888",221,"2375","",3,"","",""
"52887",221,"2373","",3,"","",""
"52886",221,"2372","",3,"","",""
"52885",221,"2371","",3,"","",""
"52884",221,"2370","",3,"","",""
"52883",221,"2369","",3,"","",""
"52882",221,"2368","",3,"","",""
"52881",221,"2365","",3,"","",""
"52880",221,"257","",3,"","",""
"52879",221,"2063","",3,"","",""
"52878",221,"2062","",3,"","",""
"52707",221,"2018","",3,"","",""
"51057",221,"2024","",3,"","",""
"51029",221,"5451","",3,"","",""
"51028",221,"5251","",3,"","",""
"51027",221,"2006","",3,"","",""
"50347",221,"HS 4","",3,"","",""
"50346",221,"HS 2","",3,"","",""
"50345",221,"HS 1","",3,"","",""
"49913",221,"1018","",3,"","",""
"49678",221,"5151","",3,"","",""
"49677",221,"5131","",3,"","",""
"49016",221,"2075","",3,"","",""
"48713",221,"Rad2","",3,"","",""
"48712",221,"Rad1","",3,"","",""
"48044",221,"4705","",3,"","",""
"48043",221,"647","",3,"","",""
"48041",221,"2034","",3,"","",""
"46760",1850,"355","",3,"","",""
"46759",1850,"352","",3,"","",""
"46758",1850,"351","",3,"","",""
"46757",1850,"305","",3,"","",""
"46756",1850,"302","",3,"","",""
"46755",1850,"301","",3,"","",""
"46754",1850,"300","",3,"","",""
"46753",1850,"256","",3,"","",""
"46752",1850,"255","",3,"","",""
"46751",1850,"205","",3,"","",""
"46750",1850,"200","",3,"","",""
"46749",1850,"156","",3,"","",""
"46748",1850,"154","",3,"","",""
"46747",1850,"150","",3,"","",""
"46746",1850,"106","",3,"","",""
"46745",1850,"105","",3,"","",""
"46744",1850,"104","",3,"","",""
"46743",1850,"102","",3,"","",""
"46742",1850,"101","",3,"","",""
"46741",1850,"100","",3,"","",""
"46676",221,"5922","",3,"","",""
"46675",221,"5921","",3,"","",""
"46672",221,"2064","",3,"","",""
"44588",221,"5004","",3,"","",""
"42230",221,"2433","",3,"","",""
"42229",221,"2061","",3,"","",""
"42228",221,"2060","",3,"","",""
"42227",221,"2054","",3,"","",""
"42226",221,"2053","",3,"","",""
"42225",221,"2052","",3,"","",""
"42224",221,"2051","",3,"","",""
"42223",221,"2050","",3,"","",""
"42222",221,"2045","",3,"","",""
"42221",221,"2044","",3,"","",""
"42220",221,"2043","",3,"","",""
"42219",221,"2040","",3,"","",""
"37873",221,"2105","",3,"","",""
"37414",221,"1010","",3,"","",""
"37413",221,"1004","",3,"","",""
"36914",221,"2114","",3,"","",""
"36913",221,"2113","",3,"","",""
"36912",221,"2111","",3,"","",""
"36563",221,"1027","",3,"","",""
"35137",221,"2078","",3,"","",""
"35136",221,"2026","",3,"","",""
"34373",221,"555","",3,"","",""
"34372",221,"554","",3,"","",""
"34371",221,"552","",3,"","",""
"34370",221,"551","",3,"","",""
"34369",221,"550","",3,"","",""
"34368",221,"549","",3,"","",""
"34367",221,"548","",3,"","",""
"34366",221,"547","",3,"","",""
"34365",221,"546","",3,"","",""
"34364",221,"523","",3,"","",""
"34363",221,"1093","",3,"","",""
"34362",221,"1092","",3,"","",""
"34360",221,"1090","",3,"","",""
"34359",221,"1026","",3,"","",""
"34357",221,"1024","",3,"","",""
"34356",221,"1023","",3,"","",""
"34355",221,"1022","",3,"","",""
"34354",221,"1021","",3,"","",""
"34353",221,"1020","",3,"","",""
"34004",221,"HS 3","",3,"","",""
"33812",286,"460","",3,"","",""
"31648",286,"400","",3,"","",""
"31647",286,"960","",3,"","",""
"31646",286,"910","",3,"","",""
"31645",286,"900","",3,"","",""
"31644",286,"820","",3,"","",""
"31643",286,"810","",3,"","",""
"31642",286,"800","",3,"","",""
"31641",286,"700","",3,"","",""
"31640",286,"610","",3,"","",""
"31639",286,"600","",3,"","",""
"31638",286,"510","",3,"","",""
"31637",286,"500","",3,"","",""
"31636",286,"470","",3,"","",""
"31635",286,"310","",3,"","",""
"31634",286,"300","",3,"","",""
"31633",286,"261","",3,"","",""
"31632",286,"260","",3,"","",""
"31631",286,"230","",3,"","",""
"31630",286,"220","",3,"","",""
"31629",286,"210","",3,"","",""
"31628",286,"200","",3,"","",""
"31627",286,"160","",3,"","",""
"31626",286,"130","",3,"","",""
"31625",286,"120","",3,"","",""
"31624",286,"110","",3,"","",""
"31623",286,"100","",3,"","",""
"31621",286,"14","",3,"","",""
"31620",286,"13","",3,"","",""
"31619",286,"12","",3,"","",""
"31618",286,"11","",3,"","",""
"31617",286,"9","",3,"","",""
"31616",286,"7","",3,"","",""
"31615",286,"5","",3,"","",""
"31614",286,"4","",3,"","",""
"31613",286,"3","",3,"","",""
"31612",286,"2","",3,"","",""
"31454",221,"1088","",3,"","",""
"31453",221,"1085","",3,"","",""
"31452",221,"1084","",3,"","",""
"31451",221,"1083","",3,"","",""
"31450",221,"1082","",3,"","",""
"31449",221,"1081","",3,"","",""
"31448",221,"1080","",3,"","",""
"31447",221,"1072","",3,"","",""
"31446",221,"1071","",3,"","",""
"31445",221,"1070","",3,"","",""
"31444",221,"1068","",3,"","",""
"31443",221,"1067","",3,"","",""
"31442",221,"1042","",3,"","",""
"31237",221,"2927","",3,"","",""
"26839",221,"1009","",3,"","",""
"26432",221,"4870","",3,"","",""
"25995",221,"4914","",3,"","",""
"25994",221,"4913","",3,"","",""
"25993",221,"4912","",3,"","",""
"25992",221,"4911","",3,"","",""
"25991",221,"2007","",3,"","",""
"25041",221,"Elb Shuttle","",3,"","",""
"24370",221,"5203","",3,"","",""
"24369",221,"4633","",3,"","",""
"24368",221,"4613","",3,"","",""
"24297",221,"1066","",3,"","",""
"24296",221,"1065","",3,"","",""
"24294",221,"1052","",3,"","",""
"24293",221,"1046","",3,"","",""
"24292",221,"1045","",3,"","",""
"24291",221,"1044","",3,"","",""
"24290",221,"1043","",3,"","",""
"22491",221,"5705","",3,"","",""
"22450",221,"5931","",3,"","",""
"22449",221,"5925","",3,"","",""
"22448",221,"5920","",3,"","",""
"22447",221,"5919","",3,"","",""
"22446",221,"5918","",3,"","",""
"22445",221,"5917","",3,"","",""
"22444",221,"5904","",3,"","",""
"22443",221,"5903","",3,"","",""
"22442",221,"5902","",3,"","",""
"22441",221,"5901","",3,"","",""
"22440",221,"5900","",3,"","",""
"22439",221,"5706","",3,"","",""
"22438",221,"5703","",3,"","",""
"22437",221,"5702","",3,"","",""
"22436",221,"5700","",3,"","",""
"22433",221,"5606","",3,"","",""
"22430",221,"5600","",3,"","",""
"22429",221,"5404","",3,"","",""
"22428",221,"5403","",3,"","",""
"22427",221,"5402","",3,"","",""
"22426",221,"5362","",3,"","",""
"22425",221,"5361","",3,"","",""
"22423",221,"5303","",3,"","",""
"22422",221,"5302","",3,"","",""
"22421",221,"5301","",3,"","",""
"22420",221,"5202","",3,"","",""
"22419",221,"5201","",3,"","",""
"22418",221,"5200","",3,"","",""
"22417",221,"5120","",3,"","",""
"22416",221,"5114","",3,"","",""
"22415",221,"5112","",3,"","",""
"22414",221,"5111","",3,"","",""
"22413",221,"5110","",3,"","",""
"22412",221,"5104","",3,"","",""
"22411",221,"5102","",3,"","",""
"22410",221,"5101","",3,"","",""
"22409",221,"5100","",3,"","",""
"22408",221,"5015","",3,"","",""
"22407",221,"5014","",3,"","",""
"22406",221,"5013","",3,"","",""
"22405",221,"5012","",3,"","",""
"22404",221,"5011","",3,"","",""
"22403",221,"5010","",3,"","",""
"22402",221,"5009","",3,"","",""
"22401",221,"5007","",3,"","",""
"22400",221,"5006","",3,"","",""
"22399",221,"5005","",3,"","",""
"22398",221,"5003","",3,"","",""
"22397",221,"5002","",3,"","",""
"22395",221,"4889","",3,"","",""
"22394",221,"4888","",3,"","",""
"22393",221,"4887","",3,"","",""
"22391",221,"4801","",3,"","",""
"22387",221,"4714","",3,"","",""
"22383",221,"4684","",3,"","",""
"22382",221,"4682","",3,"","",""
"22381",221,"4681","",3,"","",""
"22380",221,"4662","",3,"","",""
"22379",221,"4650","",3,"","",""
"22378",221,"4640","",3,"","",""
"22377",221,"4632","",3,"","",""
"22376",221,"4631","",3,"","",""
"22375",221,"4630","",3,"","",""
"22374",221,"4624","",3,"","",""
"22373",221,"4623","",3,"","",""
"22372",221,"4620","",3,"","",""
"22371",221,"4618","",3,"","",""
"22370",221,"4615","",3,"","",""
"22369",221,"4611","",3,"","",""
"22368",221,"4609","",3,"","",""
"22367",221,"4608","",3,"","",""
"22366",221,"4604","",3,"","",""
"22365",221,"4603","",3,"","",""
"22364",221,"4602","",3,"","",""
"22363",221,"548","",3,"","",""
"22362",221,"448","",3,"","",""
"22361",221,"447","",3,"","",""
"22360",221,"4410","",3,"","",""
"22359",221,"4409","",3,"","",""
"22358",221,"4408","",3,"","",""
"22357",221,"4407","",3,"","",""
"22356",221,"4404","",3,"","",""
"22355",221,"348","",3,"","",""
"22354",221,"347","",3,"","",""
"22353",221,"248","",3,"","",""
"22352",221,"247","",3,"","",""
"22350",221,"4207","",3,"","",""
"22348",221,"4148","",3,"","",""
"22347",221,"4103","",3,"","",""
"22346",221,"4102","",3,"","",""
"22345",221,"4101","",3,"","",""
"22344",221,"4039","",3,"","",""
"22343",221,"4038","",3,"","",""
"22342",221,"4037","",3,"","",""
"22339",221,"4002","",3,"","",""
"22338",221,"4001","",3,"","",""
"22276",221,"2707","",3,"","",""
"22263",221,"2129","",3,"","",""
"22261",221,"2103","",3,"","",""
"22260",221,"2102","",3,"","",""
"22259",221,"2101","",3,"","",""
"22258",221,"2096","",3,"","",""
"22257",221,"2094","",3,"","",""
"22256",221,"2093","",3,"","",""
"22255",221,"2092","",3,"","",""
"22254",221,"2091","",3,"","",""
"22246",221,"2079","",3,"","",""
"22244",221,"2074","",3,"","",""
"22243",221,"2073","",3,"","",""
"22242",221,"2072","",3,"","",""
"22241",221,"2070","",3,"","",""
"22240",221,"2069","",3,"","",""
"22239",221,"2068","",3,"","",""
"22238",221,"2067","",3,"","",""
"22237",221,"2066","",3,"","",""
"22236",221,"2065","",3,"","",""
"22235",221,"2038","",3,"","",""
"22234",221,"2037","",3,"","",""
"22233",221,"2036","",3,"","",""
"22232",221,"2035","",3,"","",""
"22229",221,"2030","",3,"","",""
"22227",221,"2028","",3,"","",""
"22226",221,"2027","",3,"","",""
"22225",221,"2021","",3,"","",""
"22223",221,"2017","",3,"","",""
"22222",221,"2011","",3,"","",""
"22220",221,"2008","",3,"","",""
"22218",221,"2005","",3,"","",""
"22217",221,"2004","",3,"","",""
"22215",221,"2002","",3,"","",""
"22214",221,"2001","",3,"","",""
"22210",221,"1824","",3,"","",""
"22208",221,"553","",3,"","",""
"22207",221,"545","",3,"","",""
"22206",221,"544","",3,"","",""
"22205",221,"543","",3,"","",""
"22204",221,"542","",3,"","",""
"22203",221,"541","",3,"","",""
"22201",221,"529","",3,"","",""
"22200",221,"528","",3,"","",""
"22199",221,"526","",3,"","",""
"22198",221,"525","",3,"","",""
"22197",221,"524","",3,"","",""
"22192",221,"1064","",3,"","",""
"22191",221,"1063","",3,"","",""
"22190",221,"1062","",3,"","",""
"22189",221,"1061","",3,"","",""
"22184",221,"1054","",3,"","",""
"22183",221,"1053","",3,"","",""
"22182",221,"1051","",3,"","",""
"22181",221,"1050","",3,"","",""
"22180",221,"1049","",3,"","",""
"22179",221,"1048","",3,"","",""
"22178",221,"1047","",3,"","",""
"22177",221,"1008","",3,"","",""
"22176",221,"1007","",3,"","",""
"22175",221,"1006","",3,"","",""
"22174",221,"1005","",3,"","",""
"22173",221,"1003","",3,"","",""
"22172",221,"1002","",3,"","",""
"22116",221,"2025","",3,"","",""
"22093",221,"4664","",3,"","",""
"22092",221,"4663","",3,"","",""
"22091",221,"4661","",3,"","",""
"22076",221,"5701","",3,"","",""
"22073",221,"5405","",3,"","",""
"22072",221,"4621","",3,"","",""
"22071",221,"4405","",3,"","",""
"22067",221,"5300","",3,"","",""
"22066",221,"4683","",3,"","",""
"22065",221,"4643","",3,"","",""
"22064",221,"4642","",3,"","",""
"22063",221,"4641","",3,"","",""
"22062",221,"4406","",3,"","",""
"22061",221,"2104","",3,"","",""
"22051",221,"5001","",3,"","",""
"22045",221,"2057","",3,"","",""
"22044",221,"527","",3,"","",""
"22031",221,"5103","",3,"","",""
"61857",259,"62","",3,"","",""
"58831",259,"951","",3,"","",""
"50332",259,"969","",3,"","",""
"50329",259,"962","",3,"","",""
"50328",259,"961","",3,"","",""
"50327",259,"960","",3,"","",""
"50325",259,"950","",3,"","",""
"50324",259,"942","",3,"","",""
"50323",259,"941","",3,"","",""
"50322",259,"940","",3,"","",""
"50321",259,"936","",3,"","",""
"50320",259,"932","",3,"","",""
"50319",259,"931","",3,"","",""
"50318",259,"922","",3,"","",""
"50317",259,"921","",3,"","",""
"50316",259,"920","",3,"","",""
"50315",259,"917","",3,"","",""
"50314",259,"916","",3,"","",""
"50313",259,"915","",3,"","",""
"50312",259,"914","",3,"","",""
"50311",259,"913","",3,"","",""
"50310",259,"912","",3,"","",""
"50309",259,"911","",3,"","",""
"50297",259,"61","",3,"","",""
"50296",259,"60","",3,"","",""
"50295",259,"50","",3,"","",""
"50294",259,"40","",3,"","",""
"50292",259,"33","",3,"","",""
"50291",259,"32","",3,"","",""
"50290",259,"31","",3,"","",""
"50289",259,"30","",3,"","",""
"50288",259,"20","",3,"","",""
"50287",259,"10","",3,"","",""
"35944",259,"701","",3,"","",""
"35943",259,"700","",3,"","",""
"72734",2850,"82","",3,"","",""
"72733",2850,"81","",3,"","",""
"72732",2850,"80","",3,"","",""
"72731",2850,"20","",3,"","",""
"70308",143,"K1S","",3,"","",""
"70307",143,"K1E","",3,"","",""
"61625",143,"450","",3,"","",""
"61624",143,"414","",3,"","",""
"61623",143,"413","",3,"","",""
"60038",143,"449","",3,"","",""
"60037",143,"448","",3,"","",""
"58027",143,"K2","",3,"","",""
"54432",143,"485","",3,"","",""
"54431",143,"457","",3,"","",""
"54430",143,"455","",3,"","",""
"54429",143,"452","",3,"","",""
"54428",143,"451","",3,"","",""
"54427",143,"378","",3,"","",""
"54425",143,"345","",3,"","",""
"54424",143,"344","",3,"","",""
"54423",143,"343","",3,"","",""
"54422",143,"342","",3,"","",""
"54421",143,"341","",3,"","",""
"54420",143,"337","",3,"","",""
"54419",143,"336","",3,"","",""
"54418",143,"335","",3,"","",""
"54417",143,"334","",3,"","",""
"54416",143,"332","",3,"","",""
"54415",143,"331","",3,"","",""
"54414",143,"311","",3,"","",""
"37952",143,"F20","",3,"","",""
"37714",143,"K3","",3,"","",""
"37712",143,"K1","",3,"","",""
"24397",143,"368","",3,"","",""
"24396",143,"365","",3,"","",""
"24395",143,"363","",3,"","",""
"24394",143,"362","",3,"","",""
"24393",143,"361","",3,"","",""
"24392",143,"314","",3,"","",""
"70568",137,"559","",3,"","",""
"70567",137,"558","",3,"","",""
"70377",126,"584","",3,"","",""
"70376",126,"583","",3,"","",""
"70375",126,"582","",3,"","",""
"70374",126,"581","",3,"","",""
"70373",126,"580","",3,"","",""
"70372",126,"579","",3,"","",""
"70371",126,"578","",3,"","",""
"70370",126,"577","",3,"","",""
"70369",126,"576","",3,"","",""
"70368",126,"575","",3,"","",""
"70367",126,"574","",3,"","",""
"70366",126,"573","",3,"","",""
"70365",126,"572","",3,"","",""
"70364",126,"571","",3,"","",""
"70363",126,"570","",3,"","",""
"70362",126,"569","",3,"","",""
"70361",126,"568","",3,"","",""
"70360",126,"567","",3,"","",""
"70359",126,"566","",3,"","",""
"70358",126,"531","",3,"","",""
"70357",126,"530","",3,"","",""
"70498",2550,"260","",3,"","",""
"70497",2550,"200","",3,"","",""
"69851",2606,"242","",3,"","",""
"69850",2606,"241","",3,"","",""
"69849",2606,"240","",3,"","",""
"67322",2607,"515","",3,"","",""
"65969",2607,"122","",3,"","",""
"65968",2607,"121","",3,"","",""
"65967",2607,"120","",3,"","",""
"65916",2607,"510","",3,"","",""
"65915",2607,"214","",3,"","",""
"65914",2607,"213","",3,"","",""
"65913",2607,"212","",3,"","",""
"65912",2607,"211","",3,"","",""
"65911",2607,"210","",3,"","",""
"65910",2607,"115","",3,"","",""
"65909",2607,"112","",3,"","",""
"65908",2607,"110","",3,"","",""
"65792",2615,"160","",3,"","",""
"65774",2606,"9","",3,"","",""
"65773",2606,"8","",3,"","",""
"65772",2606,"7","",3,"","",""
"65771",2606,"4","",3,"","",""
"65770",2606,"3","",3,"","",""
"65769",2606,"2","",3,"","",""
"65768",2606,"1","",3,"","",""
"65767",2616,"465","",3,"","",""
"65766",2616,"463","",3,"","",""
"65765",2616,"462","",3,"","",""
"65764",2616,"460","",3,"","",""
"65763",2616,"440","",3,"","",""
"65702",2610,"256","",3,"","",""
"65701",2610,"254","",3,"","",""
"65700",2610,"253","",3,"","",""
"65699",2610,"252","",3,"","",""
"65698",2610,"250","",3,"","",""
"65697",2610,"235","",3,"","",""
"65696",2610,"234","",3,"","",""
"65695",2610,"230","",3,"","",""
"65694",2610,"203","",3,"","",""
"65693",2610,"202","",3,"","",""
"65692",2610,"201","",3,"","",""
"65686",2550,"276","",3,"","",""
"65685",2550,"275","",3,"","",""
"65682",2550,"263","",3,"","",""
"64447",2550,"262","",3,"","",""
"64446",2550,"261","",3,"","",""
"72581",153,"760","",3,"","",""
"72580",153,"726","",3,"","",""
"71729",153,"798","",3,"","",""
"71728",153,"797","",3,"","",""
"71727",153,"796","",3,"","",""
"71726",153,"789","",3,"","",""
"71725",153,"788","",3,"","",""
"71724",153,"745","",3,"","",""
"71723",153,"730","",3,"","",""
"71722",153,"N73","",3,"","",""
"71721",153,"723","",3,"","",""
"71720",153,"722","",3,"","",""
"70137",150,"486","",3,"","",""
"70136",150,"480","",3,"","",""
"70135",150,"479","",3,"","",""
"70134",150,"477","",3,"","",""
"70133",150,"476","",3,"","",""
"70132",150,"474","",3,"","",""
"70131",150,"473","",3,"","",""
"70130",150,"472","",3,"","",""
"70129",150,"470","",3,"","",""
"70128",150,"469","",3,"","",""
"70127",150,"468","",3,"","",""
"70126",150,"467","",3,"","",""
"70125",150,"466","",3,"","",""
"70124",150,"463","",3,"","",""
"70123",150,"462","",3,"","",""
"70122",150,"460","",3,"","",""
"70007",150,"464","",3,"","",""
"69998",2740,"443","",3,"","",""
"69997",2740,"440","",3,"","",""
"69847",2740,"442","",3,"","",""
"65571",2600,"SALZE-BUS","",3,"","",""
"51695",552,"341","",3,"","",""
"51694",552,"35","",3,"","",""
"47470",553,"13","",3,"","",""
"47140",553,"107","",3,"","",""
"47136",553,"104","",3,"","",""
"47134",553,"103","",3,"","",""
"47132",553,"102","",3,"","",""
"47130",553,"101","",3,"","",""
"47129",553,"17","",3,"","",""
"47128",553,"14","",3,"","",""
"47124",553,"10","",3,"","",""
"47123",553,"9","",3,"","",""
"47122",553,"8","",3,"","",""
"47121",553,"7","",3,"","",""
"47120",553,"6","",3,"","",""
"47119",553,"5/43","",3,"","",""
"47118",553,"4","",3,"","",""
"47117",553,"3","",3,"","",""
"47116",553,"2","",3,"","",""
"47115",553,"1","",3,"","",""
"47114",552,"N9","",3,"","",""
"47113",552,"N8","",3,"","",""
"47112",552,"N7","",3,"","",""
"47111",552,"N6","",3,"","",""
"47110",552,"N5","",3,"","",""
"47109",552,"N4","",3,"","",""
"47108",552,"N3","",3,"","",""
"47107",552,"N2","",3,"","",""
"47106",552,"N1","",3,"","",""
"47105",552,"661","",3,"","",""
"47104",552,"642","",3,"","",""
"47103",552,"641","",3,"","",""
"47102",552,"602","",3,"","",""
"47101",552,"601","",3,"","",""
"47100",552,"522","",3,"","",""
"47099",552,"521","",3,"","",""
"47098",552,"502","",3,"","",""
"47097",552,"501","",3,"","",""
"47096",552,"411","",3,"","",""
"47095",552,"213","",3,"","",""
"47094",552,"212","",3,"","",""
"47093",552,"211","",3,"","",""
"47092",552,"201","",3,"","",""
"47091",552,"68","",3,"","",""
"47090",552,"67","",3,"","",""
"47089",552,"66","",3,"","",""
"47088",552,"65","",3,"","",""
"47087",552,"64","",3,"","",""
"47086",552,"63","",3,"","",""
"47085",552,"62","",3,"","",""
"47084",552,"61","",3,"","",""
"47083",552,"53","",3,"","",""
"47082",552,"52","",3,"","",""
"47081",552,"51","",3,"","",""
"47080",552,"44","",3,"","",""
"47079",552,"5/43","",3,"","",""
"47078",552,"42","",3,"","",""
"47077",552,"41","",3,"","",""
"47076",552,"34","",3,"","",""
"47075",552,"33","",3,"","",""
"47074",552,"32","",3,"","",""
"47073",552,"31","",3,"","",""
"47072",552,"25","",3,"","",""
"47071",552,"24","",3,"","",""
"47070",552,"23","",3,"","",""
"47069",552,"22","",3,"","",""
"47068",552,"21","",3,"","",""
"54012",780,"SEV","",3,"","",""
"44418",780,"FHH","",3,"","",""
"44417",780,"FBER","",3,"","",""
"32694",780,"285","",3,"","",""
"32442",780,"291","",3,"","",""
"32441",780,"290","",3,"","",""
"32440",780,"287","",3,"","",""
"32439",780,"286","",3,"","",""
"32438",780,"284","",3,"","",""
"32437",780,"283","",3,"","",""
"32436",780,"282","",3,"","",""
"32435",780,"281","",3,"","",""
"32434",780,"274","",3,"","",""
"32433",780,"273","",3,"","",""
"32432",780,"272","",3,"","",""
"32431",780,"271","",3,"","",""
"72412",381,"458","",3,"","",""
"69119",2117,"954","",3,"","",""
"69118",2117,"953","",3,"","",""
"69117",2117,"952","",3,"","",""
"69116",2117,"951","",3,"","",""
"69115",2117,"950","",3,"","",""
"69114",2117,"940","",3,"","",""
"65892",2117,"937","",3,"","",""
"61616",381,"368","",3,"","",""
"61615",381,"352","",3,"","",""
"59197",2117,"936","",3,"","",""
"57492",2116,"255","",3,"","",""
"57046",2117,"955","",3,"","",""
"57045",2117,"935","",3,"","",""
"57044",2117,"933","",3,"","",""
"57043",2117,"932","",3,"","",""
"57042",2117,"926","",3,"","",""
"55402",2117,"915","",3,"","",""
"52988",2117,"918","",3,"","",""
"52987",2116,"259","",3,"","",""
"52986",2116,"258","",3,"","",""
"52985",2116,"257","",3,"","",""
"52984",2116,"256","",3,"","",""
"52983",2116,"254","",3,"","",""
"52982",2116,"253","",3,"","",""
"52981",2116,"252","",3,"","",""
"52980",2116,"251","",3,"","",""
"52979",2116,"250","",3,"","",""
"52978",2116,"249","",3,"","",""
"52977",2116,"248","",3,"","",""
"52976",2116,"247","",3,"","",""
"52975",2116,"246","",3,"","",""
"52974",2116,"245","",3,"","",""
"52973",2116,"244","",3,"","",""
"52972",2116,"243","",3,"","",""
"52971",2116,"242","",3,"","",""
"52970",2116,"241","",3,"","",""
"52969",2116,"240","",3,"","",""
"52968",2116,"238","",3,"","",""
"52967",2116,"237","",3,"","",""
"52966",2116,"223","",3,"","",""
"52965",2116,"222","",3,"","",""
"52964",2116,"221","",3,"","",""
"52963",2116,"220","",3,"","",""
"52962",2115,"463","",3,"","",""
"52961",2115,"462","",3,"","",""
"52960",2115,"461","",3,"","",""
"52959",2115,"460","",3,"","",""
"52958",2115,"459","",3,"","",""
"52957",2115,"458","",3,"","",""
"52956",2115,"455","",3,"","",""
"52955",2115,"452","",3,"","",""
"52954",2115,"451","",3,"","",""
"52953",2115,"450","",3,"","",""
"52952",2115,"448","",3,"","",""
"52951",2115,"447","",3,"","",""
"52950",2115,"446","",3,"","",""
"52949",2115,"440","",3,"","",""
"52948",2115,"432","",3,"","",""
"52947",2115,"431","",3,"","",""
"51734",381,"380","",3,"","",""
"37315",381,"350","",3,"","",""
"37314",381,"692","",3,"","",""
"37313",381,"689","",3,"","",""
"37312",381,"354","",3,"","",""
"31481",381,"371","",3,"","",""
"31480",381,"369","",3,"","",""
"31479",381,"367","",3,"","",""
"31478",381,"364","",3,"","",""
"31477",381,"363","",3,"","",""
"31476",381,"362","",3,"","",""
"31475",381,"361","",3,"","",""
"31474",381,"357","",3,"","",""
"31473",381,"356","",3,"","",""
"31472",381,"355","",3,"","",""
"31471",381,"353","",3,"","",""
"31470",381,"351","",3,"","",""
"31292",381,"359","",3,"","",""
"31270",381,"358","",3,"","",""
"31247",381,"S35","",3,"","",""
"31246",381,"N32","",3,"","",""
"31245",381,"366","",3,"","",""
"31244",381,"365","",3,"","",""
"31243",381,"360","",3,"","",""
"64900",2575,"942","",3,"","",""
"64899",2575,"941","",3,"","",""
"64898",2575,"939","",3,"","",""
"64897",2575,"937","",3,"","",""
"64896",2575,"936","",3,"","",""
"64895",2575,"935","",3,"","",""
"64894",2575,"934","",3,"","",""
"64893",2575,"933","",3,"","",""
"64892",2575,"932","",3,"","",""
"60548",1950,"945","",3,"","",""
"60547",1950,"928","",3,"","",""
"64820",2085,"662","",3,"","",""
"64819",2085,"661","",3,"","",""
"64818",2085,"483","",3,"","",""
"64817",2085,"481","",3,"","",""
"55659",218,"514","",3,"","",""
"55657",218,"S","",3,"","",""
"49667",218,"HL","",3,"","",""
"44182",266,"WF","",4,"","",""
"33329",218,"E21","",3,"","",""
"33328",218,"E20","",3,"","",""
"33325",218,"E17","",3,"","",""
"33324",218,"E16","",3,"","",""
"33323",218,"E15","",3,"","",""
"33321",218,"E13","",3,"","",""
"33320",218,"E12","",3,"","",""
"33319",218,"E11","",3,"","",""
"33317",218,"E09","",3,"","",""
"33316",218,"E08","",3,"","",""
"33312",218,"E04","",3,"","",""
"33310",218,"E02","",3,"","",""
"32898",218,"NL","",3,"","",""
"32897",218,"ML","",3,"","",""
"32896",218,"E01","",3,"","",""
"32887",218,"517","",3,"D52D78","FFFFFF",""
"32883",218,"512","",3,"A979B3","FFFFFF",""
"32881",218,"510","",3,"A2D9F7","",""
"32880",218,"509","",3,"B4CD28","",""
"32879",218,"508","",3,"E5DE15","",""
"32878",218,"507","",3,"7E3532","FFFFFF",""
"32877",218,"506","",3,"0096D7","FFFFFF",""
"32876",218,"505","",3,"006CB5","FFFFFF",""
"32875",218,"504","",3,"00A0E3","FFFFFF",""
"32874",218,"503","",3,"A35230","FFFFFF",""
"32873",218,"502","",3,"F7D417","",""
"72464",106,"288","",3,"","",""
"71057",106,"E","",3,"","",""
"63503",106,"321","",3,"","",""
"63502",106,"311","",3,"","",""
"57062",106,"325E","",3,"","",""
"54753",106,"N41","",3,"","",""
"54752",106,"N40","",3,"","",""
"54751",106,"N39","",3,"","",""
"54750",106,"N38","",3,"","",""
"54749",106,"N37","",3,"","",""
"54748",106,"N36","",3,"","",""
"54747",106,"N25","",3,"","",""
"52541",106,"350","",3,"","",""
"52540",106,"340","",3,"","",""
"52539",106,"330","",3,"","",""
"52538",106,"329","",3,"","",""
"52537",106,"309","",3,"","",""
"52536",106,"302","",3,"","",""
"51329",106,"E","",3,"","",""
"47984",106,"280","",3,"","",""
"47983",106,"325","",3,"","",""
"47982",106,"320","",3,"","",""
"47617",106,"313E","",3,"","",""
"35919",106,"329E","",3,"","",""
"35917",106,"324","",3,"","",""
"35916",106,"323E","",3,"","",""
"35915",106,"323","",3,"","",""
"35914",106,"322","",3,"","",""
"35912",106,"318","",3,"","",""
"35909",106,"315E","",3,"","",""
"35908",106,"315","",3,"","",""
"35907",106,"314","",3,"","",""
"35906",106,"313","",3,"","",""
"35904",106,"310E","",3,"","",""
"35903",106,"310","",3,"","",""
"35902",106,"308E","",3,"","",""
"35901",106,"308","",3,"","",""
"35899",106,"306E","",3,"","",""
"35898",106,"306","",3,"","",""
"35897",106,"304E","",3,"","",""
"35896",106,"304","",3,"","",""
"35893",106,"301","",3,"","",""
"57497",2205,"8040","",3,"","",""
"55624",2205,"902","",3,"","",""
"54823",2205,"300","",3,"","",""
"54822",2205,"100","",3,"","",""
"54837",123,"565","",3,"","",""
"72801",1855,"KBOE-E","",3,"","",""
"72800",1855,"KBOE-D","",3,"","",""
"72664",2305,"X586","",3,"","",""
"72663",2305,"X585","",3,"","",""
"72662",2305,"X584","",3,"","",""
"72661",2305,"X583","",3,"","",""
"72660",2305,"X274","",3,"","",""
"72658",2305,"R16","",3,"","",""
"72657",2305,"N66","",3,"","",""
"72656",2305,"N18","",3,"","",""
"72655",2305,"M1","",3,"","",""
"72654",2305,"582","",3,"","",""
"72653",2305,"581","",3,"","",""
"72652",2305,"580","",3,"","",""
"72651",2305,"514","",3,"","",""
"72650",2305,"513","",3,"","",""
"72649",2305,"512","",3,"","",""
"72648",2305,"511","",3,"","",""
"72647",2305,"20","",3,"","",""
"72646",2305,"18","",3,"","",""
"72645",2305,"17","",3,"","",""
"72644",2305,"16","",3,"","",""
"72643",2305,"15","",3,"","",""
"72458",81,"178","",3,"","",""
"71813",1185,"300","",3,"","",""
"70347",2305,"515","",3,"","",""
"68383",81,"492","",3,"","",""
"67946",1855,"KBOE-C","",3,"","",""
"67945",1855,"KBOE-B","",3,"","",""
"67944",1855,"KBOE-A","",3,"","",""
"67572",2305,"172","",3,"","",""
"67198",1185,"393","",3,"","",""
"67197",1185,"383","",3,"","",""
"66157",2240,"R16","",3,"","",""
"64681",2240,"17","",3,"","",""
"63609",1855,"B4","",3,"","",""
"62577",81,"X584","",3,"","",""
"62372",81,"R15","",3,"","",""
"62302",2240,"R15","",3,"","",""
"62113",1855,"X584","",3,"","",""
"62077",81,"R16","",3,"","",""
"62037",2240,"20","",3,"","",""
"62036",2240,"16","",3,"","",""
"62035",2240,"152","",3,"","",""
"62033",2240,"10","",3,"","",""
"62012",2305,"10","",3,"","",""
"61551",1185,"17","",3,"","",""
"61550",1185,"16","",3,"","",""
"61549",1185,"10","",3,"","",""
"58418",2240,"158","",3,"","",""
"58417",2240,"15","",3,"","",""
"57763",2240,"533","",3,"","",""
"57762",2240,"14","",3,"","",""
"56802",2240,"X276","",3,"","",""
"56801",2240,"X275","",3,"","",""
"56800",2240,"221","",3,"","",""
"56799",2240,"216","",3,"","",""
"56798",2240,"213","",3,"","",""
"56797",2240,"212","",3,"","",""
"56387",2240,"X274","",3,"","",""
"56386",2240,"X273","",3,"","",""
"56385",2240,"214","",3,"","",""
"56082",81,"19","",3,"","",""
"55797",2240,"N273","",3,"","",""
"55787",2240,"224","",3,"","",""
"55557",1185,"20","",3,"","",""
"54305",2150,"X276","",3,"","",""
"54304",2150,"X275","",3,"","",""
"54303",2150,"X274","",3,"","",""
"54302",2150,"X273","",3,"","",""
"54297",2150,"223","",3,"","",""
"54296",2150,"222","",3,"","",""
"54295",2150,"221","",3,"","",""
"54294",2150,"216","",3,"","",""
"54293",2150,"215","",3,"","",""
"54292",2150,"214","",3,"","",""
"54291",2150,"213","",3,"","",""
"54290",2150,"212","",3,"","",""
"54289",2150,"202","",3,"","",""
"54273",2150,"N276","",3,"","",""
"54208",81,"410","",3,"","",""
"54207",81,"430","",3,"","",""
"53914",1855,"454","",3,"e30613","",""
"53745",81,"158","",3,"","",""
"53744",81,"160","",3,"","",""
"53743",81,"161","",3,"","",""
"53742",81,"162","",3,"","",""
"53740",81,"168","",3,"","",""
"53739",81,"169","",3,"","",""
"53737",81,"171","",3,"","",""
"53736",81,"172","",3,"","",""
"53735",81,"173","",3,"","",""
"53734",81,"174","",3,"","",""
"53732",81,"431","",3,"","",""
"53726",1855,"20","",3,"","",""
"53723",1855,"14","",3,"","",""
"53722",1855,"10","",3,"","",""
"53597",81,"10","",3,"","",""
"53596",81,"14","",3,"","",""
"53595",81,"15","",3,"","",""
"53594",81,"16","",3,"","",""
"53593",81,"17","",3,"","",""
"53592",81,"18","",3,"","",""
"53591",81,"20","",3,"","",""
"53590",81,"151","",3,"","",""
"53589",81,"152","",3,"","",""
"53588",81,"M2","",3,"","",""
"53587",81,"M3","",3,"","",""
"53586",81,"M4","",3,"","",""
"53585",81,"M5","",3,"","",""
"53584",81,"N2","",3,"","",""
"53583",81,"N15","",3,"","",""
"53415",1185,"382","",3,"","",""
"53414",1185,"316","",3,"","",""
"53413",1185,"19","",3,"","",""
"51848",1855,"436","",3,"","",""
"50000",1855,"X493","",3,"","",""
"49999",1855,"X460","",3,"","",""
"49998",1855,"451","",3,"","",""
"49866",81,"N5","",3,"","",""
"49865",81,"N4","",3,"","",""
"49864",81,"N3","",3,"","",""
"49863",81,"N1","",3,"","",""
"49862",81,"M1","",3,"00f219","",""
"49829",81,"582","",3,"","",""
"49828",81,"581","",3,"","",""
"49827",81,"533","",3,"","",""
"49826",81,"X493","",3,"","",""
"49825",81,"491","",3,"88bce7","",""
"49821",81,"452","",3,"68c0b5","",""
"49820",81,"440","",3,"","",""
"49819",81,"401","",3,"","",""
"48722",1855,"435","",3,"","",""
"48721",1855,"434","",3,"","",""
"47148",1185,"13","",3,"009fe3","",""
"47051",1855,"N6","",3,"","",""
"47047",1855,"533","",3,"","",""
"47043",1855,"309","",3,"e30613","",""
"47041",1185,"N381","",3,"","",""
"47040",1185,"N309","",3,"","",""
"47039",1185,"N307","",3,"","",""
"47038",1185,"N306","",3,"","",""
"47037",1185,"N305","",3,"","",""
"46830",1855,"475","",3,"84ba6d","",""
"46828",1855,"469","",3,"f193bd","",""
"46827",1855,"468","",3,"f193bd","",""
"46826",1855,"467","",3,"004f9f","",""
"46825",1855,"466","",3,"e88300","",""
"46824",1855,"465","",3,"e88300","",""
"46823",1855,"464","",3,"00913e","",""
"46822",1855,"463","",3,"00913e","",""
"46821",1855,"461","",3,"007337","",""
"46818",1855,"429","",3,"951b81","",""
"46817",1855,"428","",3,"006885","",""
"46816",1855,"427","",3,"164194","",""
"46815",1855,"426","",3,"e30613","",""
"46814",1855,"425","",3,"115055","",""
"46813",1855,"424","",3,"009640","",""
"46812",1855,"423","",3,"009bd9","",""
"46811",1855,"422","",3,"fbba00","",""
"46810",1855,"421","",3,"0069b4","",""
"46809",1855,"420","",3,"951b81","",""
"46808",1855,"419","",3,"640c00","",""
"46807",1855,"418","",3,"a03903","",""
"46806",1855,"417","",3,"e50069","",""
"46805",1855,"416","",3,"a71c6c","",""
"46804",1855,"415","",3,"e30613","",""
"46803",1855,"414","",3,"00918e","",""
"46802",1855,"413","",3,"d4a01c","",""
"46800",1855,"400","",3,"","",""
"37267",1185,"392","",3,"","",""
"37265",1185,"381","",3,"","",""
"37263",1185,"322","",3,"009640","",""
"37262",1185,"321","",3,"9c1006","",""
"37261",1185,"319","",3,"fab600","",""
"37260",1185,"318","",3,"a37a70","",""
"37259",1185,"317","",3,"817d39","",""
"37255",1185,"312","",3,"b07f00","",""
"37254",1185,"311","",3,"83085c","",""
"37253",1185,"310","",3,"6b6b6a","",""
"37252",1185,"309","",3,"e30613","",""
"37251",1185,"308","",3,"0075bf","",""
"37250",1185,"307","",3,"00663a","",""
"37249",1185,"305","",3,"ef7d00","",""
"37239",1185,"306","",3,"004f9f","",""
"37238",1185,"304","",3,"afc538","",""
"46151",401,"715","",3,"","",""
"46150",401,"714","",3,"","",""
"46149",401,"713","",3,"","",""
"46148",401,"712","",3,"","",""
"46147",401,"711","",3,"","",""
"46146",401,"710","",3,"","",""
"46144",401,"707a","",3,"","",""
"46143",401,"707","",3,"","",""
"46142",401,"706","",3,"","",""
"46141",401,"705","",3,"","",""
"46140",401,"704","",3,"","",""
"46139",401,"703","",3,"","",""
"46138",401,"702","",3,"","",""
"46137",401,"701","",3,"","",""
"46136",401,"700","",3,"","",""
"46135",401,"699","",3,"","",""
"46134",401,"698","",3,"","",""
"46133",401,"697","",3,"","",""
"46132",401,"696","",3,"","",""
"46131",401,"695a","",3,"","",""
"46130",401,"695","",3,"","",""
"46129",401,"694","",3,"","",""
"46128",401,"691","",3,"","",""
"46127",401,"690","",3,"","",""
"58819",2345,"270","",3,"","",""
"58818",2345,"264","",3,"","",""
"58817",2345,"262","",3,"","",""
"71487",2365,"FBS3","",4,"","",""
"71486",2365,"FBS2","",4,"","",""
"71485",2365,"FBS1","",4,"","",""
"70435",2445,"WF4","",4,"","",""
"61395",2480,"195","",3,"","",""
"61393",2480,"193","",3,"","",""
"61391",2480,"174","",3,"","",""
"61390",2480,"160","",3,"","",""
"61389",2480,"141","",3,"","",""
"61387",2480,"133","",3,"","",""
"61386",2480,"131","",3,"","",""
"61385",2480,"122","",3,"","",""
"61384",2480,"121","",3,"","",""
"61382",2480,"101","",3,"","",""
"54306",760,"822","",3,"","",""
"49695",760,"165","",3,"","",""
"49694",760,"161","",3,"","",""
"59935",1180,"930","",3,"","",""
"59934",1180,"925","",3,"","",""
"59933",1180,"924","",3,"","",""
"50142",1180,"910","",3,"","",""
"37187",1180,"S90","",3,"","",""
"37186",1180,"902","",3,"","",""
"37185",1180,"901","",3,"","",""
"37184",1180,"900","",3,"","",""
"72597",133,"777","",3,"","",""
"71782",133,"794","",3,"","",""
"71781",133,"793","",3,"","",""
"71780",133,"792","",3,"","",""
"71779",133,"791","",3,"","",""
"71778",133,"748","",3,"","",""
"71777",133,"740","",3,"","",""
"71776",133,"N74","",3,"","",""
"71775",133,"739","",3,"","",""
"71774",133,"733","",3,"","",""
"71773",133,"705","",3,"","",""
"71772",133,"703","",3,"","",""
"46324",133,"786","",3,"","",""
"46323",133,"785","",3,"","",""
"46322",133,"765","",3,"","",""
"46321",133,"750","",3,"","",""
"46320",133,"735","Verden - Drverden - Eystrup",3,"","",""
"46319",133,"721","",3,"","",""
"46318",133,"720","",3,"","",""
"46317",133,"702","",3,"","",""
